Category,Crop,QueryType,QueryText,KCCAns
Fruits,Pomegranate,Plant Protection,OIL SPOT DISEASE?,SPRAY BORDO MIXURE @ 1%
Vegetables,Onion,Market Information,market rate onion ?,RS 500-1500/qtl onion pune market
Vegetables,Onion,Fertilizer Use and Availability,Fertilizer Dose –,Spray 00-52-34 30gm/15lit of water.
Fruits,Pomegranate,Plant Protection,attack of oily spot ?,spray bromofol 50gm + captan 500gm / 100 liter of water for pomegranate
Pulses,Pigeon pea (red gram/arhar/tur),Plant Protection,Attack of Caterpillar?,Spray Chloropyriphos 30ml/15 Lit of Water.
Vegetables,Cabbage,Market Information,"market rate of cabbage, onion, tomato",market rate = pune 1) cabbage - Rs 400 -700 per quintal 2) onion - Rs 500 - 1600 per quintal. 3) tomato - Rs 1000 - 2200 per quintal
Fruits,Pomegranate,Plant Protection,thrips on pomo?,spinosad 0.30mili/liter favarave
Others,Others,Fertilizer Use and Availability,fertilizer info.,00;52;34 wapar kara
Others,Others,Weather,weather info.,cloudy weather
Vegetables,Chillies,Plant Protection,Flower Drop?,Spray Planofix 5ml/15 Lit of Water.
Vegetables,Potato,Fertilizer Use and Availability,Fertilizer spray-,Spray 00-52-34 30gm/15lit of water.
Sugar and Starch Crops,Sugarcane (Noble Cane),Plant Protection,Attack of rust on sugarcane,Spray of Ridomil gold 30 gm / M 45 40 gm per pump on sugarcane
Others,Others,Weather,weather of pune ?,cloudy weather condition
Others,Others,Plant Protection,poltry subsidi,50% subsidy for poultry managemnt
Vegetables,Tomato,Plant Protection,Blight Attack?,Spray M-45 30 gm/15 Lit of Water.
Others,Others,Government Schemes,Asked about SMS deactivation?,Your SMS deactivation done sucessfully.
Vegetables,Potato,Fertilizer Use and Availability,fertilizer dose potato ?,"50 kilo natra ,100 kilo palash , 100 kilo sfurad"
Vegetables,Potato,Fertilizer Use and Availability,fertilizer dose potato ?,"50 kilo natra ,100 kilo palash , 100 kilo sfurad"
Vegetables,Potato,Fertilizer Use and Availability,fertilizer dose potato ?,"50 kilo natra ,100 kilo palash , 100 kilo sfurad"
Fruits,Pomegranate,Plant Protection,Oil spot disease?,Spray Bordeaux mixture(1.0%). Spray with Streptocycline (0.025%) in combination with Copper oxychloride (0.25%) or Carbendazim (0.15%) at 15 days interval for 5-6 times starting from leaf initiation stage.
Fruits,Pomegranate,Fertilizer Use and Availability,fungs attak?,Blue copper - 40 gm/15 lit water .
Fruits,Pomegranate,Fertilizer Use and Availability,fungs attak?,Blue copper - 40 gm/15 lit water .
Sugar and Starch Crops,Sugarcane (Noble Cane),Plant Protection,Shoot Borer Attack?,Spray Nuwan 20ml/15Lit of Water.
Vegetables,Brinjal,Fertilizer Use and Availability,root fungs attak?,Humic Acid 30ml/15 Lit of Water Drenching.Redomil Gold 30gm/15Lit of Water.
Sugar and Starch Crops,Sugarcane (Noble Cane),Plant Protection,control of caterpillar attack,spraying of chloropayrifos 30 ml / 15 liter water
Sugar and Starch Crops,Sugarcane (Noble Cane),Plant Protection,stem borer attack?,Spray nuwan 20ml/15Lit of Water.
Vegetables,Tomato,Agriculture Mechanization,TOMATO VARIETIES,"TOMATO VARIETIES -ABINAV, NAINA"
Others,Others,Weather,Asking about Weather Forecast ?,Sunny day no possibility of rain fall
Sugar and Starch Crops,Sugarcane (Noble Cane),Weather,WEATHER INFORMATION,"CLOUDY WEATHER , NO RAIN CHANCES"
Others,Others,Weather,Asking about Weather information?,Cloudy weather Possibility of High to Medium Rainfall
Fiber Crops,Cotton (Kapas),Plant Protection,WEATHER IN PUNE,Cloudy weather Possibility of High to Medium Rainfall
Fruits,Banana,Government Schemes,Govt. Schemes?,guide to visit TAO.
Others,Others,Weather,Asking about Weather information?,Cloudy weather Possibility of High to Medium Rainfall
Others,Others,Plant Protection,OPEN PLOT HERBICIDE----,OPEN PLOT HERBICIDE---- MEERA -71
Others,Others,Weather,Weather Report?,"Partly cloudy, not Possibility of Rainfall"
Vegetables,Bitter Gourd,Plant Protection,Caterpillar Attack-,spray quinolphos 30 mili / 15 litre water
Fruits,Papaya,Fertilizer Use and Availability,Flower Drop ?,Spray Plano fix 5ml/15 Lit of Water.
Fruits,Banana,Plant Protection,SMS Activation-,Asked About SMS Activation?
Vegetables,Tomato,Bio-Pesticides and Bio-Fertilizers,TO CONTROL ATTACK OF SUCKING PEST ON TOMATO CROP,SPRAY DIMETHOATE (ROGER) 10 ML IN 10 LTR OF WATER TO CONTROL ATTACK OF SUCKING PEST ON TOMATO CROP
Others,Others,Weather,weather info.,Partly Cloudy
Vegetables,Onion,Plant Protection,Attack of Blight?,Spray Tilt 30gm/15 Lit of Water.
Others,Others,Weather,asked about climatic condition,no possibility of light rain today
Fruits,Pomegranate,Plant Protection,LEAVES DROPPING INFORMATION?,SPRAY ETHAREL 3 ML/LIT
Fruits,Pomegranate,Plant Protection,Oil spot disease?,Spray Bordeaux mixture(1.0%). Spray with Streptocycline (0.025%) in combination with Copper oxychloride (0.25%) or Carbendazim (0.15%) at 15 days interval for 5-6 times starting from leaf initiation stage.
Fruits,Pomegranate,Plant Protection,Flower Drop?,Spray planofix 5 ml/15 lit + 00 52 34 5 gm/lit water. ?????????? ? ???? / 15???? ??????????? ???? ?????? ?????.Spray planofix 5 ml/15 lit + 00 52 34 5 gm/lit water. ?????????? ? ???? / 15???? ??????????? ???? ?????? ?????.
Fruits,Pomegranate,Seeds and Planting Material,VERIETIES?,"P Granate- Ganesh, Bhagva, Mradula, Shendri, Arkta? ???? ,????"
Others,Others,Weather,Weather Report .,"cloudy weather , chances of light no rainfall"
Others,Others,Government Schemes,regarding registration for sms scheme,your registration is successful for kisan sms portal
Oilseeds,Soybean (bhat),Plant Protection,Attack of Fruit borer for soyabean,Spray of Decis 10 ml or proclem 10 gm or dunet 25 gm or corasan 5 ml per pump
Fruits,Pomegranate,Plant Protection,Disease Attack - Blight?,Spray M-45 30 gm/15 Lit of Water.
Vegetables,Amarphophallus (Surankand/Elephant Foot Yam),Agriculture Mechanization,WEATHER IN PUNE ?,Cloudy weather not possibility of light rain
Sugar and Starch Crops,Sugarcane (Noble Cane),Plant Protection,attack of stem borer sugarcane,stem borer sugarcane - apply 8 kg / acre
Vegetables,Onion,Market Information,market rate of onion?,1500-1800 rs per quental
Vegetables,Onion,Market Information,onion market rate?,onion market rate--RAHURI QUINTAL 14475 2000 100 1000
Others,Others,Field Preparation,MSCB LINE PROBLEMS ?,MSCB OFFICE LA PATHPURAVA KARAVA
Vegetables,Potato,Plant Protection,FERT. OF POTATO?,APPLICATION OF FERT. UREA 108KG 30DAS
Vegetables,Potato,Plant Protection,FERT. OF POTATO?,APPLICATION OF FERT. UREA 108KG 30DAS
Others,Others,Weather,WEATHER INFOERMATION,"CLOUDY WEATHER , RAIN CHANCES"
Vegetables,Potato,Fertilizer Use and Availability,fertilizer dose,"fertilizer dose-10:26:26: 2 bag, micronutrients 1bag,urea 2 bag"
Others,Others,Weather,Farmer has asked about curremt weather condition of his tashil?,Partly cloudy no possibility of rain
Vegetables,Tomato,Plant Protection,BLIGHT ON TOMATO,BLIGHT ON TOMATO - BLUE COPPER 30 GM /15 LITER WATER SPRAY
Vegetables,Tomato,Plant Protection,BLIGHT ON TOMATO,BLIGHT ON TOMATO - BLUE COPPER 30 GM /15 LITER WATER SPRAY
Others,Others,Weather,About Weather information?,Cloudy weather not possibility of rain
Fruits,Pomegranate,Nutrient Management,ASKED FOR THE GROWTH OF FLOWER IN POMEGRANATE CROP,SPRAY 00:52:34 50 GM WITH BOOMFLOWER 30 ML IN 10 LTR OF WATER FOR THE GROWTH OF FLOWER IN POMEGRANATE CROP
Others,Others,Weather,asked about climatic condition,possibility of light rain today to next seven days
Others,Others,Weather,ASKED ABOUT WEATHER INFORMATION,ATMOSPHERE IS PARTLY CLOUDY WITH NO ANY CHANCES OF RAIN
Vegetables,Brinjal,Nutrient Management,ASKED FOR THE GROWTH OF BRINJAL PLANT,SPRAY 19:19:19 100 GM WITH MICROLLA 30 ML IN 10 LTR OF WATER FOR THE GROWTH OF BRINJAL PLANT
Sugar and Starch Crops,Sugarcane (Noble Cane),Fertilizer Use and Availability,FERTILIZER DOSE ?,19 19 19 60 gm + Microlla 30 ml + bavistin 30 gm /15 litar water
Others,Others,Weather,WEATHER INFORMATION,"CLOUDY WEATHER , NO RAIN CHANCES"
Others,Others,Weather,About Weather information?,Cloudy weather not possibility of rain
Vegetables,Cucumber,Plant Protection,wilt attack ?,drenching of humic acid 30 mili + redomil gold 30 graam / 15 litre water
Vegetables,Bottle Gourd,Plant Protection,cucurbits planting time ?,cucurbits planting time-january- february
Vegetables,Potato,Plant Protection,attack of caterpiller on potato,spray of profex super 30 ml + actra 5 gm + folicur 8 ml per pump
Vegetables,Cluster Bean,Plant Protection,attack of aphids on cluster bean,spray of areva 10 gm + dhanzyme gold 30 ml per pump on cluster bean
Fruits,Pomegranate,Plant Protection,OILY SPOT ?,STREPOTOCYCLIN + BLUE COPPER
Others,Others,Weather,weather info.,"cloudy weather , chances of light no rainfall"
Sugar and Starch Crops,Sugarcane (Noble Cane),Plant Protection,attack of stem borer on sugarcane,spray of nuvan 20 ml or proclem 10 gm per pump on sugarcane
Sugar and Starch Crops,Sugarcane (Noble Cane),Plant Protection,weather in pune ?,climate info- partly cloudy and possibility of light rain.
Sugar and Starch Crops,Sugarcane (Noble Cane),Plant Protection,weather in pune ?,climate info- partly cloudy and possibility of light rain.
Sugar and Starch Crops,Sugarcane (Noble Cane),Plant Protection,weather in pune ?,climate info- partly cloudy and possibility of light rain.
Millets,Maize (Makka),Plant Protection,WEEDISIDE ?,2 4 D
Sugar and Starch Crops,Sugarcane (Noble Cane),Plant Protection,weather in pune ?,climate info- partly cloudy and possibility of light rain.
Vegetables,Onion,Seeds and Planting Material,VARIETIES OF ONION CROP?,"VARIETIES OF ONION CROP - BASWANT, PUSA RED, FULE SAFAD"
Vegetables,Capsicum,Plant Protection,shednet subcidy ?,50% shednet subcidy
Cereals,Paddy (Dhan),Fertilizer Use and Availability,FERTILIZER FOR PADDY,FERTILIZER FOR PADDY - 0;52;34 40 GM /15 LITER WATER SPRAY
Others,Others,Field Preparation,weather ?,partly cloudy and possibility of light rainfall
Vegetables,Onion,Plant Protection,BLIGHT ON ONION,BLIGHT ON ONION - ANTRACALL 30 GM /15 LITER WATER SPRAY
Animal,Goat,Disease Reporting,attack of tickmites,use blitox powder
Others,Others,Government Schemes,Govt. Schemes- Drip Irrigation subsidies.,"50-60 % subsidies, loan pls visit nearer nationalised bank."
Fodder Crops,Other,Plant Protection,WEEDISIDE ?,MIRA -71
Others,Others,Weather,asked about weather forecasting ?,Cloudy weather and possibility of light rain
Fruits,Mango,Plant Protection,Stem Borer,Nuwan 15 ML /15 Liter Water
Others,Others,Training and Exposure Visits,farmer required dapoli university contact no,university contact no is 02358280238
Fruits,Custard Apple,Fertilizer Use and Availability,fert dose,Spray 00-52-34 30gm+macrolla 30 ml/15lit of water.
Fruits,Pomegranate,Plant Protection,Fertilizer Dose,Spray Boron 20gm/10lit of Water
Vegetables,Tomato,Fertilizer Use and Availability,fertilizer?,apply 0052;34 5 kg /acre
Vegetables,French Bean,Nutrient Management,fertilizer dose for French bean,apply DAP 1 bag + micronutrient 5 kg per acre French bean
Cereals,Wheat,Seeds,VARITIES OF WHEAT?,"VARITIES OF WHEAT ARE (NIAW 301)???????,(NIAW917) ?????, (NIDW295)???????, HD 2189"
Animal,"Bovine(Cow,Buffalo)",Animal Nutrition,advisary of milk ?,??? ???????? ????????? ??? ????
Fiber Crops,Cotton (Kapas),Plant Protection,weather in pune ?,climate info- partly cloudy and not possibility of light rain.
Cereals,Wheat,Market Information,wheat market rate,wheat market rate -1500-1700 rs /qit
Vegetables,Tomato,Plant Protection,LEAF CURL ON tomato,LEAF CURL ON tomato - Confidor super 6 ml + + bavistin 30 gm + 15 ml perfect / 15 lit of water
Vegetables,Onion,Fertilizer Use and Availability,fertilizer dose for onion,fertilizer dose for onion- apply 1 bag dap + 35 kg mop 25 kg urea /acre
Vegetables,Tomato,Plant Protection,black spot on tomato,black spot on tomato -SPRAY BLUE COPPER 37.5 GM + 4 GM STREPTOCYCLINE / 15 LIT WATER
Vegetables,Potato,Agriculture Mechanization,spray for 35 days pototo,spray for 35 days pototo -spray 13:40:13 60 gm / 15 lit of water.
Vegetables,Onion,Market Information,MARKET RATE ?,5/10/14 LOCAL PUNE QUINTAL 7188 1800 700 1250 --''-- LOCAL PUNE-KHADKI QUINTAL 29 1600 400 1000 4/10/14 ---- KOLHAPUR QUINTAL 3687 2200 500 1400 --''-- ---- AURANGABAD QUINTAL 90 1300 300 800 --''-- ---- BHIVANDI QUINTAL 12 2500 1500 2000 --''-- LOCAL PUNE-KHADKI QUINTAL 6 1500 1500 1500
Others,Others,Weather,Weather Information,"Partly cloudy, no possible of rain ."
Fruits,Pomegranate,Plant Protection,fruit drop ?,spray of calcium 1.5gm +boron 2gm/lit water
Vegetables,Chillies,Seeds and Planting Material,VARITIES OF CHILLIES?,"VARITIES OF CHILLIES ARE MAINA, KRANTI, VIJAYA , SITARA , DAMINI, NIRMAL 805"
Pulses,Pigeon pea (red gram/arhar/tur),Plant Protection,Attack of Thrips?,Spray Karate10ml/15 Lit of Water.
Sugar and Starch Crops,Sugarcane (Noble Cane),Seeds,VERIETIES?,"Sagarcane-CO- 86032, CO- 671, CO- 265, 94012. ??-86032, ??-94012, ??-265, ??-671."
Others,Others,Weather,Asked About Weather Report ?,Cloudy weather NOT Possibility of light Rainfall
Others,Others,Weather,asked about weather forecasting ?,Cloudy weather not possibility of light rain
Others,Others,Plant Protection,FARMER REQUESTED TO GIVE CURRENT STATUS OF WEATHER,CLOUDEY WEATHER AND POSSIBILITY OF LIGHT RAIN
Others,Others,Plant Protection,FARMER REQUESTED TO GIVE CURRENT STATUS OF WEATHER,CLOUDEY WEATHER AND POSSIBILITY OF LIGHT RAIN
Others,Others,Plant Protection,Flower Drop,Spray Boom flower 20ml/15lit of Water.
Others,Others,Weather,Weather Report?.,"???? ?????? ????? - ???? ???????, ?????? ??????? ?????? ???"
Others,Others,Weather,WEATHER FORCAST?,DHAGAL WATAVARAN AHE
Sugar and Starch Crops,Sugarcane (Noble Cane),Fertilizer Use and Availability,fertilizer dose of sugarcane,application of super phospet + urea
Fruits,Pomegranate,Plant Protection,FUNGUS ATTACK?,????? ???? ???? ?? ?????? ?????? ??????? ?????
Others,Others,Plant Protection,Govt. Schemes,REQUESTED TO to visit TAO.
Vegetables,Drum Stick,Nutrient Management,ASKED FOR THE GROWTH OF BEANS IN DRUMSTICK CROP,SPRAY 00:52:34 50 GM IN 10 LTR OF WATER FOR THE GROWTH OF BEANS IN DRUMSTICK CROP
Others,Others,Government Schemes,sms activation?,Your Registration process successfully completed. ????? ?????? ????? ????????? ????? ?????? ???.
Fruits,Pomegranate,Bio-Pesticides and Bio-Fertilizers,TO CONTROL ATTACK OF OILY SPOT ON POMEGRANATE CROP,SPRAY COPPER OXYCHLORIDE 25 GM WITH STREPTOCYCLIN 4 GM IN 10 LTR OF WATER TO CONTROL ATTACK OF OILY SPOT ON POMEGRANATE CROP
Condiments and Spices,Ginger,Plant Protection,BLIGHT ATTACK?,??????? ?????30?????/15 ???? ??????????? ???? ?????? ?????.
Condiments and Spices,Ginger,Plant Protection,ROOT ROT?,Drenching of Redomil Gold 30gm + humic acid 30 ml /15Lit of Water.
Vegetables,Onion,Bio-Pesticides and Bio-Fertilizers,TO CONTROL ATTACK OF SUCKING PEST ON ONION CROP,SPRAY DIMETHOATE 10 ML IN 10 LTR OF WATER TO CONTROL ATTACK OF SUCKING PEST ON ONION CROP
Fruits,Pomegranate,Plant Protection,Thrips Attack ?,Confidor 6ml/15 Lit of Water.
Fruits,Pomegranate,Plant Protection,THRIPS ON POMEGRENATE,THRIPS ON POMEGRENATE - CONFIDOR 15 ML /15 LITER WATER SPRAY
Others,Others,Weather,Weather report ?,???? ?????? ????? ??????? ?????? ???. partly cloudy and possibility of light rainfall
Oilseeds,Soybean (bhat),Fertilizer Use and Availability,Fruit Borer Attack?,Spray fame 5ml/15 Lit of Water.
Animal,"Bovine(Cow,Buffalo)",Animal Breeding,animal managmnt,info given
Animal,"Bovine(Cow,Buffalo)",Animal Breeding,animal managmnt,info given
Animal,"Bovine(Cow,Buffalo)",Animal Breeding,animal managmnt,info given
Animal,"Bovine(Cow,Buffalo)",Animal Breeding,animal managmnt,info given
Animal,"Bovine(Cow,Buffalo)",Animal Breeding,animal managmnt,info given
Animal,"Bovine(Cow,Buffalo)",Animal Breeding,animal managmnt,info given
Fiber Crops,Cotton (Kapas),Plant Protection,Attack of Blight?,Spray M-45 30 gm/15 Lit of Water.
Vegetables,Tomato,Seeds and Planting Material,ASKED ABOUT TOMATO VARIETY,"ABHINAV ,ANUP ,1389"
Fruits,Pomegranate,Nutrient Management,ASKED FOR THE GROWTH OF FLOWER IN POMEGRANATE CROP,SPRAY 00:52:34 50 GM WITH BOOMFLOWER 30 ML IN 10 LTR OF WATER FOR THE GROWTH OF FLOWER IN POMEGRANATE CROP
Vegetables,Cucumber,Bio-Pesticides and Bio-Fertilizers,TO CONTROL ATTACK OF RED MITES ON CUCUMBER CROP,SPRAY WETTABLE SULPHUR 30 GM IN 15 LTR OF WATER TO CONTROL ATTACK OF POWDERY MILDEW & RED MITES ON CUCUMBER CROP
Vegetables,Bhindi(Okra/Ladysfinger),Plant Protection,CATTERPILLOR ON BHINDI,CATTERPILLOR ON BHINDI - CLOROPAUYRIFOS 30 ML /15 LITER WATER SPRAY
Others,Others,Weather,FARMER REQUESTED TO GIVE CURRENT STATUS OF WEATHER,CLOUDEY WEATHER AND NO POSSIBILITY OF RAIN
Vegetables,Onion,Plant Protection,ATTACK OF WHITE GRUB----,ATTACK OF WHITE GRUB---- APPLICATION OF THIMATE 3-5 KG /ACRE
Sugar and Starch Crops,Sugarcane (Noble Cane),Plant Protection,STEM BORER ATTACK?,Spray Nuwan 20ml/15Lit of Water..acifet 20 gm o acitapramide 2gm /10lit
Others,Others,Training and Exposure Visits,AGRI INFORMATION WEBSITE?,"WWW.MAHAAGRI.GOV.IN,WWW.AGRIPLAZA.IN ,WWW.TNAU.AC.IN"
Millets,Sorghum (Jowar/Great Millet),Cultural Practices,variety of sorghum?,variety of sorghum- fule revati
Pulses,Green Gram (Moong Bean/ Moong),Plant Protection,Leaf Eating Caterpillar ?,spray Chloropyriphos 30ml in 15 litre water
Others,Others,Weather,Asked about Weather report ?,"Partly claudy, Chances of rain after 7 sept"
Others,Others,Fertilizer Use and Availability,preparation of of jivmrut,preparation of of jivmrut- 10kg cow dung + cow urin 10 lit. +jiggery 2 kg + dal powder + PSB 1 lit.+ KSB 1 lit. / 100 liter of water. use afer 8 days for drenching
Flowers,Chrysanthemum,Plant Protection,attack of thrips on chrysanthemum?,Spray Karate15ml/15 Lit of Water
Vegetables,Onion,Cultural Practices,herbicide on onion?,spray whip super 1.5 mili+gol 1 mili?liter favarave
Others,Others,Weather,Asking about Weather information?,"Partly cloudy, possibility withlight rain."
Others,Others,Weather,asked about weather forecasting ?,partly cloudy weather condition no possibility of rain
Others,Others,Weather,weather info.,"-Atmosphrer is cloudy, possibility light rainfall"
Others,Others,Fertilizer Use and Availability,fertilizer info.,00;52;34 wapar kara
Others,Others,Fertilizer Use and Availability,fertilizer info.,00;52;34 wapar kara
Vegetables,Chillies,Plant Protection,Attack of Sucking ?,Spray Actra 5 gm/15 Lit of Water.
Vegetables,Chillies,Plant Protection,Sucking Pest ?,Spray Record 10 gm or Pride 10 gm / 15 lit of water
Others,Others,Plant Protection,Weather Report ?,"Partly cloudy, not possibility with light rain."
Vegetables,Potato,Cultural Practices,season ?,80-90 day after planting
Vegetables,Potato,Plant Protection,Fertilizer ?,Spray 00-52-34 60 gm + 00-00-50 60 gm + microlla 30 +/15lit of water.
Fruits,Pomegranate,Plant Protection,fertilizer for pomo?,By drip calcium nitrate + boron 1 kg/acre ????? ???? ???????? ???????? + ????? 1 ????/????
Vegetables,Onion,Plant Protection,Caterpillar Attack-Fruit Borer Attack?,Spray Rogar 15ml/15 Lit of Water.
Vegetables,Onion,Plant Protection,blight and thrips on onion?,folicure 0.50ml/liter+regent 2 mili/liter favrave
Fruits,Pomegranate,Seeds and Planting Material,VARIETIES?,"Pomogranate- Ganesh, Bhagva, Mradula, Shendri, Arkta? ????, ????"
Vegetables,Potato,Cultural Practices,variety of potato?,"variety of potato = kufari lavakar, kufari chandramukhi, kufari sinduri, kufari jyoti"
Sugar and Starch Crops,Sugarcane (Noble Cane),Plant Protection,variety ?,"Sagarcane-CO- 86032, CO- 671, CO- 265, 94012."
Vegetables,Onion,Seeds and Planting Material,contact number of onion research centre rajgurunagar?,"contact number of onion research centre rajgurunagar-02135-222026, 222697"
Others,Others,Government Schemes,Asked about SMS scheme activation,Your registration for SMS scheme is activated.
Others,Others,Weather,Asked About Weather Report ?,Partly cloudy & possibility of light rainfall.¬¬¬¬
Others,Others,Weather,weather info.,"-Atmosphrer is cloudy, possibility light rainfall"
Others,Others,Weather,Asking about Weather information?,Cloudy weather Possibility of High to Medium Rainfall
Vegetables,Drum Stick,Nutrient Management,foliar spray for drumstick ?,foliar spray for drumstick- spray 0;52;34 75gm + nitrobenzin 30ml / 15 liter of water
Others,Others,Weather,farmer has asked about current weather condition of his tashil?,"weather forecast - atmosphrer is cloudy, possiblity of light rainfall"
Others,Others,Weather,Todays weather condition in shirur,"Todays weather condition in shirur isPartly cloudy, light rainfall"
Fruits,Pomegranate,Nutrient Management,foliar spray for pomegranate ?,foliar spray for pomegranate - spray 0;52;34 75gm + nitrobenzin 30ml / 15 liter of water
Others,Others,Weather,Weather Report?,Partly cloudy weather and light rain
Condiments and Spices,Garlic,Seeds and Planting Material,seed rate for garlic ?,500-600 kg /hector seeds required for garlic
Vegetables,Onion,Market Information,asked about market rate onion ?,RS 700-1900/qtl onion market pune
Others,Others,Water Management,Asked About SMS Activation?,Your Registration process successfully completed.
Vegetables,Onion,Market Information,MARKET RATE OF ONION,-''-MARKET RATE OF ONION - LAL AKLUJ QUINTAL 85 1700 1000 1400
Vegetables,Bhindi(Okra/Ladysfinger),Plant Protection,Farmer has enquired about control measure for sucking pest in bhindi?,to control sucking pest in bhindi spray Chloropyriphos 30ml/15 Lit of Water.
Others,Others,Weather,weather forecast information?,???? ?????? ????? -???? ??????? ?????? ?? ????? ??????? ?????? ???.
Vegetables,Onion,Nutrient Management,Farmer has requested for nutrient for onion?,nutrient for onion 19:19:19 40 gm + microlla 30 ml/15 lit of water
Fruits,Pomegranate,Seeds and Planting Material,verieties?,"P Granate- Ganesh, Bhagva, Mradula, Shendri, Arkta? ????, ????"
Condiments and Spices,Ginger,Plant Protection,ATTACK OF WHITE GRUB----,ATTACK OF WHITE GRUB----APPLICATION OF CHLOROPYRIPHOS 500 ML /ACRE
Condiments and Spices,Ginger,Plant Protection,control of blight attack ?,spraying of score + kavach
Condiments and Spices,Ginger,Plant Protection,control of blight attack ?,spraying of score + kavach
Condiments and Spices,Ginger,Plant Protection,ATTACK OF BLIGHT-----,ATTACK OF BLIGHT----- SPRAY REDOMIL GOLD ----30 GRAM + 00:52:34 ---60 GRAM + MICROLA ---40 ML IN 15 LIT OF WATER
Others,Others,Water Management,control of water salt,use stabilizer
Others,Others,Weather,Farmer has requested about current weather condition?,According to weather report there will possibility of cloudy weather and light rain
Flowers,Marigold,Vegetative Propagation and Tissue Culture,variety,"pusa basanti,pusa narangi"
Vegetables,Tomato,Plant Protection,attack of nematode on tomato,nematode on tomato - drenching nematicide 1 lit / acre
Others,Others,Government Schemes,Govt. Schemes-,"50-60 % subsidies, guide to visit TAO."
Sugar and Starch Crops,Sugarcane (Noble Cane),Plant Protection,Farmer has enquired about control measure for caterpillar attack in sugarcane?,to control caterpillar attack in sugarcane Spray Nuwan 20ml/15Lit of Water
Sugar and Starch Crops,Sugarcane (Noble Cane),Plant Protection,weediside ?,2 4 d
Others,Others,Weather,weather forecast information?,"weather forecast -atmosphere is cloudy, possibility light rainfall ."
Others,Others,Bio-Pesticides and Bio-Fertilizers,procedur for making of jivamrut?,procedur for making of jivamrut-200lit water+25 kg dung+7 lit cow urin+2kg dal flour+2kg jaggery+ curd
Vegetables,Onion,Fertilizer Use and Availability,ASKED ABOUT FERTILIZER FOR ONION CROP,2 BAG 10:26:26 WITH 1 BAG UREA PER ACRE FERTILIZER FOR ONION CROP
Vegetables,Drum Stick,Plant Protection,Farmer has enquired about control measure for yellowing in drumstick?,to control yellowing in drumstick Spray Bavistine 30gm/15lit of Water.
Others,Others,Weather,Weather Report?,Partly cloudy weather and light rain
Fruits,Mango,Bio-Pesticides and Bio-Fertilizers,TO CONTROL ATTACK OF SUCKING PEST ON MANGO CROP,SPRAY THIOMETHAKZOM 5 GM IN 15 LTR OF WATER TO CONTROL ATTACK OF SUCKING PEST ON MANGO CROP
Others,Others,Weather,asked about climatic condition,possibility of light rain today
Vegetables,Potato,Plant Protection,Leaf Eating Caterpillar?,????? 100 - 4 ????/15 ???? ??????? ?????? ?????. ?????? ????-40 ?????/15 ???? ????.
Pulses,Pigeon pea (red gram/arhar/tur),Plant Protection,Leaf Eating Caterpillar ?,Spray Chloropyriphos 30Ml /15 Lit Of Water.
Oilseeds,Soybean (bhat),Plant Protection,Shoot Borer Attack?,Avaunt 15.8 % EC 200 ml / 200 liter of Water
Vegetables,Chillies,Plant Protection,Thrips Attack ?,Actra 5 Gram + Karate 15 ML / 15 Liter Water
Vegetables,Potato,Market Information,all india market webcite ?,www.msamb.com
Millets,Sorghum (Jowar/Great Millet),Plant Protection,weediside ?,2 4 d
Others,Others,Weather,Farmer has requested about current weather condition?,According to weather report there will possibility of cloudy weather and light rain
Others,Others,Weather,Farmer has requested about current weather condition?,According to weather report there will possibility of cloudy weather and light rain
Vegetables,Tomato,Plant Protection,ASKED ABOUT TOMATO CATTERPILAR ATTAK ?,????????? ???? 30 ???? / 15 ?? ??????? ?????? ?????.
Others,Others,Government Schemes,Farmer has requested about current weather condition?,According to weather report there will possibility of cloudy weather and light rain
Others,Others,Weather,Weather Condation ?,opssibility of rain
Others,Others,Government Schemes,Farmer has requested about current weather condition?,According to weather report there will possibility of cloudy weather and light rain
Vegetables,Onion,Vegetative Propagation and Tissue Culture,VARIETY OF ONION,"VARIETY OF ONION - N-53, NASHIK RED , BASAVANT , PANCHGANGA"
Cereals,Wheat,Field Preparation,asked about wheat fertilizer doses ?,????? ????? 30 ????/15???? ??????? ????? ????? ?????.
Vegetables,Brinjal,Plant Protection,ASKED ABOUT BRINJAL CATTERPILAR ATTAK ?,????????? ???? 30 ???? / 15 ?? ??????? ?????? ?????.
Vegetables,Onion,Agriculture Mechanization,fertilizer dose for onion?,fertilizer dose for onion- apply 10:26:26 1 bag/acre
Others,Others,Weather,weather,possibility of rain
Vegetables,Chillies,Fertilizer Use and Availability,Sucking Pest?,Spray Actra 5 gm /15 Lit of Water. Spray Actra 5 gm /15 Lit of Water.
Fruits,Pomegranate,Seeds and Planting Material,pomo variety?,pomo variety ..... bhagava
Vegetables,Bhindi(Okra/Ladysfinger),Plant Protection,attack of caterpillar on bhendi,spray of profex super 30 ml per pump on bhendi
Others,Others,Plant Protection,weather ?,Partly cloudy and possibility of light rain
Others,Others,Weather,Asked About Weather report ?,"Partly cloudy, possibility of light rain"
Vegetables,Cauliflower,Nutrient Management,nutrients for cauliflower?,spray 0 52 34 - 50 graam / 15 litre water
Fiber Crops,Cotton (Kapas),Plant Protection,WEATHER IN PUNE ?,"Partly cloudy, possibility with light rain."
Vegetables,Tomato,Plant Protection,Farmer has enquired about control measure for wilting in tomato?,to control wilting in tomato take drenching of Redomil Gold 30gm + humic acid 30 ml /15Lit of Water.
Others,Others,Weather,Asked About Weather Report ?,Cloudy weather NOT Possibility of light Rainfall
Others,Others,Weather,Todays weather condition in indapur,"Todays weather condition in indapur is Partly cloudy, light rainfall"
Others,Others,Weather,Asked about weather forecasting?,Partly cloudy and possibility of light rain
Others,Others,Weather,Asked about weather forecasting?,Partly cloudy and possibility of light rain
Others,Others,Weather,Asked about weather forecasting?,Partly cloudy and possibility of light rain
Vegetables,Chillies,Seeds and Planting Material,Farmer has enquired about variety of chilly?,"variety of chilly are sitara,sankeshwari-1,pune jwala"
Millets,Maize (Makka),Seeds,vaerity maize ?,"MAIZE-Deccan Double Hybrid, Ganga Safed, jk seeds."
Others,Others,Weather,Asked About Weather Report ?,Cloudy weather NOT Possibility of light Rainfall
Fruits,Banana,Fertilizer Use and Availability,farmer had enquired about fertilizer dose for banana?,fertilizer dose for banana apply 00:52:34 2-3 kg/acre
Others,Others,Weather,weather information,"Partly cloudy, No Possibility of Rain"
Sugar and Starch Crops,Sugarcane (Noble Cane),Agriculture Mechanization,weedicide in sugarcane,"weedicide in sugarcane - 2,4-d 40"
Others,Others,Weather,Weather Report ?,cloudy weather light chance of rainfall
Fruits,Pomegranate,Plant Protection,abour fertilizer dose,Spray Boom flower 30ml/15lit of Water.
Vegetables,Bitter Gourd,Plant Protection,BITTERGOARD VARIETIES,BITTERGOARD VARIETIES= HIRKANI
Others,Others,Plant Protection,Farmer has enquired about weather,Partly cloudy and possibility with light rain.
Sugar and Starch Crops,Sugarcane (Noble Cane),Agriculture Mechanization,minimum support price of sugarcane,minimum support price of sugarcane - 2200 rs /ton
Fruits,Sapota,Plant Protection,fertilizer dose pf sapota ?,10 26 26 1 bag + micronutraient 1 bag /acar
Plantation Crops,Coconut,Nutrient Management,fruit drop in coconut ?,fruit drop in coconut-give boron 100gm / plant
Others,Others,Government Schemes,ASKED ABOUT SMS ACTIVATION?,sms scheme is activated on your mobile number
Vegetables,Tomato,Plant Protection,black spot on tomato,Spray Redomil Gold 30gm/15Lit of Water.
Vegetables,Bhindi(Okra/Ladysfinger),Plant Protection,Sucking Pest?,Spray Actra 5 gm/15 Lit of Water.
Others,Others,Weather,Weather Report ?,cloudy weather no chance of rainfall
Fiber Crops,Cotton (Kapas),Plant Protection,attck of suking pest on cotton,suking pest on cotton - SPRAY ALANTO 30 ML + bavistin 30 gm / 15 lit of water
Inland,Cold Water,Fishery Nutrition,contact number of fisheries?,not available.
Vegetables,Tomato,Plant Protection,black spot on tomato,takad + rook 20 gm
Others,Others,Weather,farmer had enquired about Weather information?,"Partly cloudy, possibility with light rain."
Vegetables,Potato,Agriculture Mechanization,DISEASE IN TOMATO ?,"Partly cloudy, no possible of rain ."
Sugar and Starch Crops,Sugarcane (Noble Cane),Plant Protection,Attack of White Grub,Use Fertera 4 kg /acre / Regent 4 kg / acre.
Others,Others,Government Schemes,Asked About SMS Activation?,Your SMS Registration process successfully completed.
Vegetables,Onion,Market Information,onion market rate,onion market rate -800-1000 rs / qit
Sugar and Starch Crops,Sugarcane (Noble Cane),Plant Protection,weather in pune,cloudy and there are no possibility of rains.
Condiments and Spices,Fenugreek,Agriculture Mechanization,variety of fenugreek,variety of fenugreek - kasuri methi
Fiber Crops,Cotton (Kapas),Weather,weather condition ?,????? ??? ?? ???? ???? ??: 98° ????????: 29.7 ??? ?????: 72° ???: 54.1% ????????????: 6 ???
Vegetables,Bhindi(Okra/Ladysfinger),Plant Protection,Attack of Caterpillar?,Spray Chloropyriphos 30ml/15 Lit of Water.
Fruits,Others,Fertilizer Use and Availability,fertilizer ?,Bavistine 30gm + 19:19:19 30ml/15 Lit of Water Drenching.Spray virosol 30 gm /15lit of water.
Others,Others,Government Schemes,Asked About SMS Activation?,Your SMS Registration process successfully completed
Others,Others,Weather,weather repoet?,cloudy weather no possibil;ity of rainfall.
Oilseeds,Soybean (bhat),Market Information,MARKET RATE OF SOYABEAN ?,Commodity :SOYABEAN Rate Per Unit in Rs. Date Variety APMC Unit Quantity HRate LRate Average 11/10/14 ---- NAGPUR QUINTAL 376 3348 2900 3124 --''-- ---- SHRIRAMPUR QUINTAL 8 3051 3051 3051 --''-- PIVLA GEVRAI QUINTAL 12 3000 3000 3000
Fiber Crops,Cotton (Kapas),Weather,weather condition ?,??????? ???? ???? ??: +45° ????????: 1005.0 ???????????? ?????: +26° ???: 59.8% ????????????: 4 ????????
Others,Others,Government Schemes,FARMER HAS REQUESTED TO ACTIVATE SMS SERVICE ON HIS MOBILE.,Registration process successfully completed.
Fruits,Pomegranate,Nutrient Management,fertilizer dose for pomegranate,apply 0:52:34 5 kg + boron 1 kg per acre for pomegranate
Others,Others,Government Schemes,reshim sheti?,reshimala 100 % subcidy ahe
Others,Others,Weather,Asking about weather forecast ?,"Partly cloudy, No Possibility of Rain"
Vegetables,Potato,Plant Protection,wiltin in potato,Drenching of bavistin 15 gm + humic acid 30 ml per pump
Others,Others,Weather,Weather Information,"Partly cloudy, possible of rain"
Others,Others,Weather,weather forcast?,"Partly claudi ,no precipitation chances ???? ???????, ??????? ?????? ????"
Others,Others,Weather,weather info.,according to weather report there will be cloudy weather with no rain
Fiber Crops,Cotton (Kapas),Plant Protection,ATTACK OF SUCKING PEST?,SPRAY RIJENT / CONFIDOR / ASTRA 5 GRAM+ 19:19:19 / 00:52:34 – 60 GRAMS + MICROLA – 40 ML + BAVISTIN – 30 GRAMS IN 15 LITER OF WATER
Millets,Sorghum (Jowar/Great Millet),Plant Protection,Weather Report?.,"cloudy weather , chances of light no rainfall"
Fiber Crops,Cotton (Kapas),Plant Protection,Attack of Thrips?,Spray Actra 5 gm/15 Liter of Water
Fiber Crops,Cotton (Kapas),Field Preparation,Weather Report?.,"cloudy weather , chances of light no rainfall"
Fruits,Pomegranate,Plant Protection,Fertilizer Dose ?,calcium nitrate 20 gm + boran 20 + microlla 30 ml /15 litar water
Others,Others,Weather,Weather Report ?,Cloudy weather Possibility of light Rainfall
Others,Others,Plant Protection,Flower Drop,Spray Boom flower 20ml/15lit of Water.
Fruits,Pomegranate,Plant Protection,Fertilizer Dose ?,calcium nitrate 20 gm + boran 20 + microlla 30 ml /15 litar water
Fiber Crops,Cotton (Kapas),Plant Protection,Sucking Pest?,Spray Actra 5 gm/15 Lit of Water.
Sugar and Starch Crops,Sugarcane (Noble Cane),Plant Protection,Stem Borer Attack?,Spray Nuwan 20ml/15Lit of Water.
Vegetables,Greater Yam,Plant Protection,Attack of fungus?,Spray Bavistine 30gm + 191 91 9 60 gm + microlla 30 ml /15 Lit of Water Drenching.
Vegetables,Others,Seeds and Planting Material,VERIETIES?,"W Melon- Agastha, Sugar Beby, Black Magic, Sugar Manik."
Pulses,Bengal Gram (Gram/Chick Pea/Kabuli/Chana),Field Preparation,Asked About SMS Activation ?,Sms scheme is activated successfully
Fruits,Banana,Plant Protection,for growth of banana?,spray 19:19:19 50 gram + microlla 30 mili in 15 lit of water
Vegetables,Chillies,Plant Protection,LEAF CURL,Spray fame 5ml/15 Lit of Water
Others,Others,Weather,Weather forecast information?,"???? ???????, ????? ?? ?????? ???? cloudy atmosphere no possibility of rainfall."
Others,Others,Weather,Asked About Weather report ?,Cloudy weather and possibility of light rain
Vegetables,Tomato,Plant Protection,flower drop in tomato?,Spray Plano fix 5ml/15 Lit of Water
Sugar and Starch Crops,Sugarcane (Noble Cane),Plant Protection,Stem Borer Attack?,Spray Nuwan 20ml/15Lit of Water.
Sugar and Starch Crops,Sugarcane (Noble Cane),Nutrient Management,fertilizer dose for sugarcane at the of plantation ?,urea 76kg + singal supar phosphet 531 kg + potash 141 kg + nim pend 100 kg /hector
Sugar and Starch Crops,Sugarcane (Noble Cane),Fertilizer Use and Availability,fertilizer dose for sugarcane,apply 10:26:26 2 bag + manganese sulphate 10 kg + zink sulphate 10 kg + ferrous sulphate 10 kg + calcium magnesium sulphate 10 kg + borax 5 kg + neem cake 30 kg per acre for sugarcane
Sugar and Starch Crops,Sugarcane (Noble Cane),Fertilizer Use and Availability,FERTILIZER FOR SUGARCANE,10;26;26 2 BAG + UREA 1 BAG /ACRE
Vegetables,Chillies,Vegetative Propagation and Tissue Culture,VARIETY OF CHILLI,"VARIETY OF CHILLI - AGNIREKHA, JWALA, JYOTI, TEJA"
Vegetables,Onion,Plant Protection,BLIGHT ON ONION,BLIGHT ON ONION = ANTRACALL 30 GM = DESIS 100 15 ML /15 LITER WATER SPRAY
Others,Others,Weather,Ask about Weather Forecast?,Partly cloudy and light rain
Vegetables,Onion,Market Information,onion market rate?,onion market rate ..... 1600 - 2000 Rs / Quintal
Sugar and Starch Crops,Sugarcane (Noble Cane),Seeds,sugarcane variety?,sugarcane variety .... co 86032
Sugar and Starch Crops,Sugarcane (Noble Cane),Fertilizer Use and Availability,fertilizer dose of sugarcane,at the time of planting use super phospet + urea
Others,Others,Weather,ASKED ABOUT WEATHER INFORMATION,ATMOSPHERE IS PARTLY CLOUDY WITH NO ANY CHANCES OF RAIN
Others,Others,Weather,ASKED ABOUT WEATHER INFORMATION,ATMOSPHERE IS PARTLY CLOUDY WITH NO ANY CHANCES OF RAIN
Vegetables,Tomato,Plant Protection,ATTACK OF Sucking Pest,Spray Actra 5 gm/+ Redomil Gold 30gm/15 Lit of Water
Vegetables,Potato,Plant Protection,wilt in potato,Drenching of bavistin 15 gm + humic acid 30 ml per pump
Sugar and Starch Crops,Sugarcane (Noble Cane),Field Preparation,WEED IN SUGARCANE ?,SPRAY OF WEEDICIDE 24D
Condiments and Spices,Methi (Fenugreek),Bio-Pesticides and Bio-Fertilizers,TO CONTROL ATTACK OF BLIGHT ON METHI CROP,SPRAY REDOMIL GOLD 25 GM IN 10 LTR OF WATER TO CONTROL ATTACK OF BLIGHT ON METHI CROP
Vegetables,Tomato,Bio-Pesticides and Bio-Fertilizers,TO CONTROL ATTACK OF SUCKING PEST ON TOMATO CROP,SPRAY THIOMETHAKZOM 5 GM IN 15 LTR OF WATER TO CONTROL ATTACK OF SUCKING PEST ON TOMATO CROP
Vegetables,Onion,Fertilizer Use and Availability,Fertilizer ?,2% ????? 200 ?????/15 ???? ??????????? ???? ?????? ?????.
Fiber Crops,Cotton (Kapas),Plant Protection,Sucking Pest ?,??????? 5?????+ ??????? ????? 30????? /15???? ??????????? ???? ?????? ?????.
Vegetables,Amarphophallus (Surankand/Elephant Foot Yam),Agriculture Mechanization,asked about cotton caterpillar attack ?,Spray Redomil Gold 30gm/15Lit of Water.
Fruits,Banana,Cultural Practices,variety of banana ?,"variety of banana- g-9, basarai"
Oilseeds,Soybean (bhat),Plant Protection,Thrips Attack ?,Spray Confidor super / Confidor 10ml/15 Lit of Water.
Pulses,Bengal Gram (Gram/Chick Pea/Kabuli/Chana),Varieties,varieties ?,Vijay vishal digvijay
Others,Others,Plant Protection,farmer asked about current weather condition?,cloudy weather no possibil;ity of rainfall.
Sugar and Starch Crops,Sugarcane (Noble Cane),Agriculture Mechanization,fertilizer dose for sugarcane?,fertilizer dose for sugarcane-apply 2 bag urea+ nimboli pend 20kg/acre
Sugar and Starch Crops,Sugarcane (Noble Cane),Fertilizer Use and Availability,fertilizer dose?,fertilizer dose -2 bag urea + 20 kilo nimboli pend/acre
Vegetables,Onion,Cultural Practices,FERTILIZER FOR ONION?,FERTILIZER FOR ONION - 10:26:26 + SULPHAR
Vegetables,Onion,Cultural Practices,FERTILIZER FOR ONION?,FERTILIZER FOR ONION - 10:26:26 + SULPHAR
Vegetables,Potato,Fertilizer Use and Availability,Fertilizer Dose –,spary 19 :19:19 40 gram + Spray Microlla 30 ml/15 Lit of Water. Spray Redomil Gold 30gm/15Lit of Water.
Vegetables,Drum Stick,Plant Protection,Fertilizer Dose –,?????????? ????? 60 ????? + ?????? 100 ????? + ?? ?? ?? ??? ?????/ 15 ???? ??????????? ???? ?????? ?????.??????? ? ????? + ?????? ?? ???? + ?? ?? ?? ????? / ?? ??? ??????? ???? ?????? ???
Vegetables,Potato,Plant Protection,fungus attak ?,Spray Redomil Gold 30gm + admire 5gm /15 Lit of Water spraying.
Others,Others,Weather,Weather Report?,Partly cloudy weather and light rain
Sugar and Starch Crops,Sugarcane (Noble Cane),Weather,cultural practices?,?? ??????? ??? ???? ???? ?? ??? ?? ??? ????????? ?????? ????? ???? ???? ?????? ????
Vegetables,Onion,Market Information,MARKET RATE ONION----,MARKET RATE ONION----1400-1500/QUINTAL
Fruits,Guava,Plant Protection,white fly on guava?,spray record 0.50gram/liter favarave
Others,Others,Weather,weather info.,Partly Cloudy
Others,Others,Weather,Asking about Weather information?,Cloudy weather Possibility of High to Medium Rainfall
Pulses,Bengal Gram (Gram/Chick Pea/Kabuli/Chana),Plant Protection,variety of gram,"variety of gram - vijay , vishal , digavijaya"
Others,Others,Weather,ASKED ABOUT WEATHER FORCAST?,Partly cloudy and light rain
Cereals,Wheat,Seeds,VARIETIES OF WHEAT CROP,"HD 2189, TRYAMBAK, TAPI, KALYAN SONA, LOK 1 VARIETIES OF WHEAT CROP"
Fruits,Pomegranate,Fertilizer Use and Availability,fertilizer for pomegrenate,fertilizer for pomegrenate - 10;26;26 1 BAG /ACRE
Fruits,Pomegranate,Fertilizer Use and Availability,fertilizer for pomegrenate,fertilizer for pomegrenate - 10;26;26 1 BAG /ACRE
Fruits,Pomegranate,Fertilizer Use and Availability,fertilizer for pomegrenate,fertilizer for pomegrenate - 10;26;26 1 BAG /ACRE
Fruits,Pomegranate,Fertilizer Use and Availability,fertilizer for pomegrenate,fertilizer for pomegrenate - 10;26;26 1 BAG /ACRE
Cereals,Wheat,Seeds,VARIETIES OF WHEAT CROP,"HD 2189, TRYAMBAK, TAPI, KALYAN SONA, LOK 1 VARIETIES OF WHEAT CROP"
Fiber Crops,Cotton (Kapas),Plant Protection,White fly attack?,Spray Karate10ml/15 Lit of Water
Vegetables,Ridge Gourd,Plant Protection,Thrips Attack ?,Spray Actra 5 gm /15 Lit of Water.
Others,Others,Weather,weather information of baramati?,weather information of baramati-mostly clear weather
Others,Others,Weather,Asked about weather forecasting?,Partly cloudy and possibility of light rain
Vegetables,Curry Leaf,Plant Protection,ATTACK OF HUMNI?,Drenching of Chloropyriphos 40 ml + humic acid 30 ml / 15 lit of water.
Cereals,Wheat,Field Preparation,Weather Report?.,"???? ?????? ????? - ???? ???????, ?????? ??????? ?????? ???"
Vegetables,Others,Plant Protection,SHOOT BORER ON BRINJAL,SHOOT BORER ON BRINJAL - spray spinosad 6 ml / 15 lit water
Others,Others,Weather,WEATHER INFORMATION,"CLOUDY WEATHER , NO RAIN CHANCES"
Millets,Maize (Makka),Plant Protection,Leaf Eating Caterpillar,spray Chloropyriphos 30ml/15 Lit of Water
Fiber Crops,Cotton (Kapas),Plant Protection,Blight Attack?,Spray Tilt 30gm/15 Lit of Water.
Vegetables,Tomato,Plant Protection,control of red mite,spraying of omite 5ml/15Lit of Water
Fruits,Pomegranate,Plant Protection,attack of nematodes?,apply nematodcite
Others,Others,Weather,what is weather condition in pune district ?,"Partly cloudy, no possible of rain ."
Others,Others,Weather,Asking about Weather information?,Cloudy weather Possibility of High to Medium Rainfall
Others,Others,Weather,Asking about Weather information?,Cloudy weather Possibility of High to Medium Rainfall
Sugar and Starch Crops,Sugarcane (Noble Cane),Agriculture Mechanization,Attack of White Grub?,Use Fertera 4 kg /acre / Regent 4 kg / acre.
Fruits,Pomegranate,Seeds and Planting Material,pomo variety?,pomo variety ...... bhagava
Others,Others,Weather,weather info.,Partly cloudy and light rain
Others,Others,Weather,Weather Report ?,cloudy weather light chance of rainfall
Others,Others,Weather,Asked about weather forecasting?,Partly cloudy and possibility of light rain
Others,Others,Weather,Weather Report ?,cloudy weather light chance of rainfall
Vegetables,Cauliflower,Plant Protection,WILT ON VEGETABLE,WILT ON VEGETABLE - REDOMIL GOLD 30 GM + HUMIC ACID 30 ML /15 LITER WATER SPRAY
Vegetables,Bhindi(Okra/Ladysfinger),Plant Protection,attack pest,Spray Actra 5 gm/15 Lit of Water.
Others,Others,Weather,Weather Report ?,cloudy weather light chance of rainfall
Others,Others,Fertilizer Use and Availability,fertilizer info.,Spray Microlla 30 ml/15 Lit of Water
Fruits,Pomegranate,Plant Protection,Leaf Eating Caterpillar ?,SPARY PROCLAIM 5 GM / 15 LITER OF WATER
Vegetables,Onion,Market Information,market rate onion ?,LOCAL PUNE QUINTAL 11909 2000 700 1350
Millets,Maize (Makka),Varieties,variety of maize?,"variety of maize .... Deccan Double Hybrid, Ganga Safed"
Vegetables,Onion,Plant Protection,Aphids Attack ?,Spray Metador 25 ml / 15 lit of water
Others,Others,Weather,weather info.,Partly cloudy and light rain
Others,Others,Weather,weather information of indapur?,weather information of indapur-cloudy weather
Pulses,Bengal Gram (Gram/Chick Pea/Kabuli/Chana),Seeds,variety of gram?,variety of gram ..... Vijay
Vegetables,Bhindi(Okra/Ladysfinger),Plant Protection,Thrips Attack ?,actara 5 gm+ ridomil gold 30 gm/15 liter water
Sugar and Starch Crops,Sugarcane (Noble Cane),Plant Protection,Shoot Borer Attack,Spray Chloropyriphos 30ml/15 Lit of Water.
Sugar and Starch Crops,Sugarcane (Noble Cane),Agriculture Mechanization,new variety of sugarcane,new variety of sugarcane -3102
Vegetables,Onion,Plant Protection,blight & thrips on onion,blight & thrips on onion -Spray of rijent 30 ml +Ridomil gold 30 gm/per pump.
Others,Others,Government Schemes,regarding registration for sms scheme,your registration is successful for kisan sms portal
Vegetables,Onion,Plant Protection,BLIGHT ON ONION,BLIGHT ON ONION - ANTRACALL 30 GM + DESIS 100 15 ML /15 LITER WATER SPRAY
Fiber Crops,Cotton (Kapas),Plant Protection,Blight Attack,Spray Bavistine 30gm/15lit of Water.
Others,Others,Weather,Todays weather condition in junnar,Todays weather condition in junnar is Partly cloudy Precip chance: 5% Humidity: 87%
Animal,Goat,Animal Breeding,breed of goat ?,"breed of goat -osmanbadi , sangamneri"
Vegetables,Onion,Plant Protection,White Fly Attack?,Spray Actra 5 gm/15 Lit of Water.
Oilseeds,Sesame (Gingelly/Til)/Sesamum,Plant Protection,Sucking Pest,Spray Actra 5 gm/15 Lit of Water.
Vegetables,Cluster Bean,Fertilizer Use and Availability,fertilizer?,60:60:60 npk / hector
Vegetables,Chillies,Plant Protection,attack of sucking pest on chilli,spray of actra 10 gm = virosol 30 gm per pump on chilli
Others,Others,Weather,Asking about Weather information?,Cloudy weather Possibility of High to Medium Rainfall
Vegetables,Brinjal,Plant Protection,planting time of brinjal,brinjal can transplant in octomber month
Fiber Crops,Cotton (Kapas),Field Preparation,Weather Report?.,"cloudy weather , chances of light rainfall"
Vegetables,Cabbage,Weather,Leaf Eating Caterpillar ?,Spray Polo 25gm /15 Lit of Water.
Others,Others,Weather,Weather Report ?,Weather Information -Cloudy and not Possibility of Rainfall
Vegetables,Potato,Nutrient Management,fertilizer dose for potato,apply 19:19:19 4 kg per acre for potato
Sugar and Starch Crops,Sugarcane (Noble Cane),Nutrient Management,fertilizer dose for sugarcane,apply 10:26:26 2 bag + urea 2 bag + micronutrient 10 kg per acre
Others,Others,Weather,Asked About Weather report ?,"Partly cloudy, possibility of light rain"
Sugar and Starch Crops,Sugarcane (Noble Cane),Plant Protection,weed control,2 4 D ?????? ??? ?????? ??????? ????? ????.
Millets,Maize (Makka),Cultural Practices,variety?,"Deccan Double Hybrid, Ganga Safed."
Millets,Maize (Makka),Plant Protection,Asked about SMS Activation?,Your Registration process successfully completed.
Sugar and Starch Crops,Sugarcane (Noble Cane),Seeds,verieties?,"Sagarcane-CO- 86032, CO- 671, CO- 265, 94012. ??-86032, ??-94012, ??-265, ??-671."
Others,Others,Weather,Weather Report ?,Weather Information -Cloudy and Possibility of Rainfall
Others,Others,Weather,Weather Report ?,Cloudy weather Possibility of High to Medium Rainfall
Fruits,Pomegranate,Plant Protection,Oil spot disease?,Spray Bordeaux mixture(1.0%). Spray with Streptocycline (0.025%) in combination with Copper oxychloride (0.25%) or Carbendazim (0.15%) at 15 days interval for 5-6 times starting from leaf initiation stage.
Others,Others,Weather,asked about weather forecasting ?,?? ???? ?????? ??? ?????? ?? ????? ??????? ?????? ??? ???????
Others,Others,Weather,asked about weather forecasting ?,Cloudy weather and possibility of light rain
Vegetables,French Bean,Seeds and Planting Material,spacing of drumstick ?,spacing of drumstick - 6 x 6 ft
Vegetables,Chillies,Plant Protection,Attack of aphids /jassids,spray of confidor 10 ml + asataf 15 gm per pump
Others,Others,Weather,Asked About SMS Activation?,YOUR REGISTRATION PROCESS IS SUCCESSFULLY COMPLETED
Sugar and Starch Crops,Sugarcane (Noble Cane),Plant Protection,Shoot Borer Attack ?,Spray Proclaim 5gm/15lit of Water.
Fiber Crops,Cotton (Kapas),Plant Protection,asked aobut reddening of cotton,give magnesium sulphate 10kg /acre
Condiments and Spices,Ginger,Plant Protection,Attack of Caterpillar?,Spray Chloropyriphos 30ml/15 Lit of Water.
Pulses,Bengal Gram (Gram/Chick Pea/Kabuli/Chana),Field Preparation,GRAM VARIETY ?,"GRAM VARIETY-VIJAY, VISHAL"
Others,Others,Agriculture Mechanization,Asked About Weather Report ?,Partly cloudy & possibility of light rainfall.¬¬¬¬
Others,Others,Weather,ASKED ABOUT WEATHER FORCAST,Partly cloudy and light rain
Others,Others,Plant Protection,asked about attack of snail,spraying of lime or metalaxyl or snail kill
Vegetables,Sponge Gourd,Plant Protection,Fungus Attack?,Spray Actra 5 gm/15 Lit of Water.+ Spray Bavistine 30gm/15lit of Water.
Pulses,Pigeon pea (red gram/arhar/tur),Weather,weather info.,"weather forecast -atmosphrer is cloudy, possiblity of light rainfall"
Others,Others,Fertilizer Use and Availability,fertilizer info.,19;19;19 wapar kara
Millets,Sorghum (Jowar/Great Millet),Field Preparation,stem borer in jowar ?,Spray Chloropyriphos 30ml/15 Lit of Water.
Vegetables,Chillies,Bio-Pesticides and Bio-Fertilizers,TO CONTROL ATTACK OF SUCKING PEST ON CHILLI CROP,SPRAY THIOMETHAKZOM 5 GM IN 15 LTR OF WATER TO CONTROL ATTACK OF SUCKING PEST ON CHILLI CROP
Fiber Crops,Cotton (Kapas),Field Preparation,WEATHER IN PUNE ?,Cloudy weather Possibility of High to Medium Rainfall
Others,Others,Field Preparation,sowing of wheat ?,sowing of wheat-octomber- 15 november
Others,Others,Weather,Asking about Weather information?,Cloudy weather Possibility of High to Medium Rainfall
Fruits,Mosambi,Plant Protection,"Fruit drop? (Citrus, lime, ??????)",Fruit drop - 1.5 GA+50 lit alcohol +1 kg urea/100 lit water.spraying
Fruits,Pomegranate,Plant Protection,Oil spot disease?,Spray Bordeaux mixture(1.0%). Spray with Streptocycline (0.025%) in combination with Copper oxychloride (0.25%) or Carbendazim (0.15%) at 15 days interval for 5-6 times starting from leaf initiation stage.
Others,Others,Weather,Asked About Weather Report ?,"weather , possibility of Light rainfall"
Fruits,Orange,Plant Protection,attack of catterpillar on catterpillar ?,spray chloropyriphos 30 ml / 15 liter of water for lemon
Fiber Crops,Cotton (Kapas),Fertilizer Use and Availability,Sucking Pest?,Spray Actra 5 gm /15 Lit of Water.
Fiber Crops,Cotton (Kapas),Plant Protection,Sucking Pest?,spary actra 5 gm + regent 30 ml / 15 liter of wate
Sugar and Starch Crops,Sugarcane (Noble Cane),Market Information,ASKED ABOUT HERBICIDE FOR SUGARCANE CROP,SPRAY 2-4 D SODIUM 70 ML WITH METRABUNZIN 10 GM IN 15 LTR OF WATER HERBICIDE FOR SUGARCANE CROP
Sugar and Starch Crops,Sugarcane (Noble Cane),Plant Protection,fertilizer dase of suarcan ?,0 52 34 + 0 0 50 2 bag / acar
Vegetables,Brinjal,Plant Protection,Attack of Thrips?,Spray Actra 5 gm /15 Lit of Water.
Sugar and Starch Crops,Sugarcane (Noble Cane),Fertilizer Use and Availability,FERTILIZESR FOR SUGARCANE,FERTILIZESR FOR SUGARCANE - ASETOBACTOR 3 KG /ACRE
Fiber Crops,Cotton (Kapas),Plant Protection,Powdery Mildew Attack?,Spray Tilt / score / kavach 30gm/15lit of Water.
Vegetables,Tomato,Plant Protection,CUTWARM ON TOMATO,CUTWARM ON TOMATO - CLOROPAYRIFOS 30 ML /15 LITER WATER DRENCHING
Others,Others,Weather,ASKED ABOUT WEATHER FORCAST?,Partly cloudy and no possibility of rain
Others,Others,Government Schemes,Farmer has requested About SMS Activation?,SMS service scheme is registered on your mobile number
Oilseeds,Sesame (Gingelly/Til)/Sesamum,Market Information,market information ?,til - 9500-10000
Flowers,Marigold,Plant Protection,Fungus Attack?,Spray Redomil Gold 30gm /15 Lit of Water.
Sugar and Starch Crops,Sugarcane (Noble Cane),Plant Protection,FERTILIZER,10 26 26 +UREA
Sugar and Starch Crops,Sugarcane (Noble Cane),Plant Protection,FERTILIZER,10 26 26 +UREA
Others,Others,Weather,Asked About SMS Activation?,Your SMS Registration CANCEL successfully completed.
Others,Others,Weather,Weather Report,Cloudy weather Possibility of High to Medium Rainfall
Others,Others,Weather,Asking about Weather Report ?,Partly cloudy and light rain
Condiments and Spices,Ginger,Plant Protection,VARIETY,MAHIM KALIKAT
Vegetables,Chillies,Plant Protection,FERTILIZER,10 26 26 +UREA
Vegetables,Potato,Plant Protection,VARIETY ?,"KUFARI SINDUARI , KUFARI LAVAKAR"
Fiber Crops,Cotton (Kapas),Plant Protection,FERTILIZER,10 26 26 +UREA
Others,Others,Soil Testing,SOIL TESTING,020-25537110
Vegetables,Onion,Plant Protection,Blight Attack?,Spray Bavistine 30gm/15lit of Water.
Vegetables,Onion,Plant Protection,HERBICIDE FOR ONION---,HERBICIDE FOR ONION--- GOAL + WHIP SUPER
Others,Others,Government Schemes,Asked About SMS Activation?,Your Registration process successfully completed.
Flowers,Marigold,Plant Protection,snell attack in marigold?,snell attack in marigold- apply snell kill
Others,Others,Government Schemes,Govt. Schemes-,"50-60 % subsidies, guide to visit TAO."
Flowers,Hibiscus (Gurhal),Plant Protection,farmer had enquired about control measure for mealy bug?,to control mealy bug Spray Azadirictine 30 ml/15 Lit of Water.
Fruits,Banana,Plant Protection,fruit drop in banana,apply calcium nitrate + potash + boron
Fiber Crops,Cotton (Kapas),Plant Protection,FERTILIZER,10 26 26 +UREA
Vegetables,Onion,Fertilizer Use and Availability,farmer had enquired about fertilizer dose for onion?,fertilizer dose for onion apply 10:26:26 2 bag + urea 1 bag/acre
Others,Others,Weather,weather,cloudy .no rain
Sugar and Starch Crops,Sugarcane (Noble Cane),Fertilizer Use and Availability,fertilizer,apply 00;52;34 4 kg /acre
Flowers,Zentedeschia,Seeds and Planting Material,about sontura flower,we will call back after collecting information about sontura.
Plantation Crops,Coconut,Plant Protection,Attack Stem Borer?,Spray Nuwan 20ml/ 15Lit of Water.
Cereals,Wheat,Seeds,varities of wheat,"varities of wheat = trambak, tapovan, godavari"
Vegetables,Onion,Market Information,MARKET RATE OF ONION,MARKET RATE OF ONION '-- LOCAL MUMBAI QUINTAL 8150 2000 1200 1600
Vegetables,Tomato,Market Information,MARKET RATE OF TOMATO,MARKET RATE OF TOMATO - LOCAL MUMBAI QUINTAL 4820 2000 1000 1500
Fruits,Pomegranate,Nutrient Management,fertilizer dose for pomegranate,apply 0:52:34 5 kg per acre for pomegranate
Millets,Maize (Makka),Fertilizer Use and Availability,FERT DOSE,19:19:19 30gm+macrolla 30+humic acid 30 ml /15 Lit of Water
Sugar and Starch Crops,Sugarcane (Noble Cane),Nutrient Management,fertilizer dose for sugarcane,apply 10:26:26 2 bag + urea 1 bag per acre for sugarcane
Vegetables,Onion,Plant Protection,Fungus Attack?,Spray Actra 5 gm/15 Lit of Water.+ Spray Bavistine 30gm/15lit of Water.
Vegetables,Bitter Gourd,Plant Protection,SUCKING PEST ?,Spray Rogar 15ml/15 Lit of Water.
Sugar and Starch Crops,Sugarcane (Noble Cane),Plant Protection,Attack of White Grub ?,Use Fertera 4 kg /acre / Regent 4 kg / acre.
Fruits,Guava,Plant Protection,flower drop?,Spray Plano fix 5ml/15 Lit of Water.
Millets,Maize (Makka),Seeds,varities of maize,varities of maize = Sugar 75
Others,Others,Plant Protection,Asked About SMS deactivation?,Your SMS deactivation process successfully completed.
Others,Others,Weather,Asking about Weather information?,Cloudy weather Possibility of High to Medium Rainfall
Oilseeds,Soybean (bhat),Plant Protection,for attack of leaf eating caterpillar?,??????????? 30 ???? ????? ???? ?????? ???.
Fruits,Pomegranate,Plant Protection,flowering problem?,spray nitro benzin and 00 52 35
Others,Others,Plant Protection,"farmer asked , what is weather condition in indapur district ?","Partly cloudy, not Possibility of Rainfall"
Others,Others,Weather,Weather Information,Partly cloudy possible of rain .
Others,Others,Weather,"farmer asked , what is weather condition in pune district ?","Partly cloudy, not Possibility of Rainfall"
Fruits,Custard Apple,Seeds and Planting Material,verities?,"balanagar, arka sahan"
Others,Others,Plant Protection,Asked About SMS ?,Your Registration process successfully completed.
Vegetables,Bottle Gourd,Plant Protection,all cultivation managemnt,info given
Others,Others,Plant Protection,Asked About SMS Activation?,Your Registration process successfully completed.
Sugar and Starch Crops,Sugarcane (Noble Cane),Plant Protection,ATTACK OF ROOT ROT?,DREANCHING OF BAVISTIN ----30 GRAM + HUMIC ACID ---- 50 ML IN 15 LIT OF WATER
Fruits,Pomegranate,Plant Protection,all cultivation managemnt,info given
Others,Others,Field Preparation,weather ?,cloudy weather with light rainfall
Fiber Crops,Cotton (Kapas),Plant Protection,Flower Drop,Spray Boom flower 20ml/15lit of Water.
Fiber Crops,Cotton (Kapas),Field Preparation,FERTILIZER,10 26 26 +UREA
Vegetables,Cabbage,Floriculture,FERTILIZER,10 26 26 +UREA
Others,Others,Weather,Asking about Weather information?,Cloudy weather Possibility of High to Medium Rainfall
Fiber Crops,Cotton (Kapas),Plant Protection,mealy bug attack on cotton ?,Admire 5 gm + bavistin 30 gm /15 litar water
Fiber Crops,Cotton (Kapas),Plant Protection,fertilizer,10 26 26 +urea
Others,Others,Weather,Asking about Weather information?,Cloudy weather Possibility of High to Medium Rainfall
Others,Others,Weather,weather forecast information?,Partly cloudy and possibility with light rain.
Fruits,Banana,Fertilizer Use and Availability,Fertilizer Dose –,Spray 00-52-34 30gm/15lit of water.
Vegetables,Potato,Plant Protection,redmite on potato,redmite on potato-spray oberon5 ml / 15 lit of water
Vegetables,Brinjal,Fertilizer Use and Availability,Fruit Borer Attack?,Spray fame 5ml/15 Lit of Water.
Fruits,Mango,Plant Protection,Stem Borer Attack?,Spray Nuwan 20ml/15Lit of Water.
Vegetables,Chillies,Plant Protection,control of sucking pest,spraying of actra 5 gm / 15 liter water
Vegetables,Onion,Plant Protection,attack of blight on onion,spray cypermethrin 7. 5ml + antrcall 37.5 gm+ 15 ml sticker / 15 lit water
Others,Others,Government Schemes,Asked About SMS Activation?,Your Registration process successfully completed.
Fruits,Bail,Plant Protection,all cultivation managemnt,info given
Oilseeds,Soybean (bhat),Fertilizer Use and Availability,herbicide spary soyabean ?,khurapani kara
Millets,Maize (Makka),Fertilizer Use and Availability,fertilizer dose,application of 00:00:50
Vegetables,Brinjal,Plant Protection,farmer had enquired about control measure for red mite on brinjal?,to control red mite on brinjal Spray Oberon 15ml /15Lit of Water.
Fruits,Pomegranate,Plant Protection,Fertilizer Dose ?,Spray Boron 20gm/10lit of Water.
Sugar and Starch Crops,Sugarcane (Noble Cane),Fertilizer Use and Availability,fertilizer dose for sugarcane,fertilizer dose for sugarcane apply 3 bags 10:26:26 + 2 bags urea + 10 kg zinc sulphet +10 kg ferrus sulphet + 5 kg boron / acre
Others,Others,Weather,Weather Forecast ?,climate is partly cloudy and possibility of light rain
Vegetables,Tomato,Plant Protection,Fungs Attack tomato?,Fungs Attack tomato-Spray Tilt/kavach 30gm/15 Lit of Water.
Fiber Crops,Cotton (Kapas),Plant Protection,Attack of Caterpillar?,Spray Chloropyriphos 30ml/15 Lit of Water.
Vegetables,Onion,Plant Protection,weedicide in onion,weedicide in onion - gol 150 ml /acre
Vegetables,Beans,Plant Protection,Fertilizer spray-,"spray 19 19 19 60 gm + microlla 30 ml + bavistin 30 g, / 15 litar water"
Millets,Maize (Makka),Plant Protection,weed in maize ?,application of weedicide 24D
Others,Others,Weather,Asked about weather forecasting?,Partly cloudy no possibility of rain
Fruits,Pomegranate,Plant Protection,attack of sucking pest on pomegranate ?,spray Pegasuses 25 gram + microlla 30 mili + 19:19:19 50 gram in 15 lit of water
Others,Others,Weather,weather information about pune?,"weather forecast -atmosphrer is cloudy, possiblity of light rainfall"
Condiments and Spices,Ginger,Plant Protection,blight on ginger ?,Spray M-45 30 gm/15 Lit of Water.
Fiber Crops,Cotton (Kapas),Plant Protection,Thrips Attack ?,Spray Confidor super / Confidor 10ml/15 Lit of Water.
Condiments and Spices,Ginger,Plant Protection,fungs attak?,Spray M-45 30 gm/15 Lit of Water.
Others,Others,Weather,Asking about Weather information?,"Partly cloudy, not possibility with light rain."
Others,Others,Weather,Asking about Weather information?,"Partly cloudy, not possibility with light rain."
Others,Others,Government Schemes,SMS ACTIVATION?,THE SERVICE HAS BEEN ACTIVATED SUCCESSFULLY
Others,Others,Government Schemes,ASKED ABOUT SMS ACTIVATION ?,sms scheme is activated on your mobile number
Pulses,Bengal Gram (Gram/Chick Pea/Kabuli/Chana),Plant Protection,variety of gram ?,"vijay , digvijay , virat"
Condiments and Spices,Ginger,Plant Protection,Blight Attack?,Spray Redomil Gold 30gm/15Lit of Water.
Sugar and Starch Crops,Sugarcane (Noble Cane),Nutrient Management,foliar spray for sugarcane ?,foliar spray for sugarcane - 19;19;19 75gm + microla 30ml / 15 liter of water
Vegetables,Cauliflower,Seeds and Planting Material,varities of cauliflower,"varities of cauliflower = pawas, kimiya, barkha, megha, snowball"
Sugar and Starch Crops,Sugarcane (Noble Cane),Plant Protection,Attack of White Grub ?,Use Fertera 4 kg /acre / Regent 4 kg / acre.
Others,Others,Government Schemes,ASKED ABOUT SMS ACTIVATION ?,sms scheme is activated on your mobile number
Sugar and Starch Crops,Sugarcane (Noble Cane),Plant Protection,attack of wooly aphid ?,spray lancer gold 8 ml / 15 lite of water for sugarcane
Fruits,Pomegranate,Plant Protection,OIL SPOT DISEASE?,"SPRAY STREPTOCYCLIN ,KASU B ,2 BROMO 2 NITRO"
Fiber Crops,Cotton (Kapas),Plant Protection,ATTACK OF SUCKING PEST?,SPRAY CONFIDOR / ASTRA 5 GRAM+ 19:19:19 / 00:52:34 – 60 GRAMS + MICROLA – 40 ML + BAVISTIN – 30 GRAMS IN 15 LITER OF WATER
Vegetables,Onion,Cultural Practices,weedd control,gol
Vegetables,Tomato,Plant Protection,Fungus Attack?,Confidor 6ml/15 Lit of Water.+Spray Bavistine 30gm/15lit of Water.
Vegetables,Tomato,Plant Protection,Attack of Fruit Borer?,Spray Proclaim 5gm/15lit of Water.
Vegetables,Onion,Seeds and Planting Material,varieties of onion?,"varities = fule safed, baswant"
Vegetables,Chillies,Plant Protection,Aphids Attack ?,Spray admire 5gm/15 lit of water.
Millets,Maize (Makka),Market Information,sweet corn market rate,"sweet corn market rate not avialable contactMaharashtra State Agricultural Marketing Board R-7, Market Yard, Gultekadi, Pune 411 037. Maharashtra, India Tel: 020 24528100, 24522200"
Millets,Maize (Makka),Cultural Practices,spacing,2*1 ft
Millets,Maize (Makka),Plant Protection,Shoot Borer Attack ?,Messaile 15ml/15 Lit of Water.
Vegetables,Onion,Market Information,MARKET RATE ONION----,MARKET RATE ONION----1600-1700/QUINTAL
Others,Others,Weather,weather forecast information?,"Atmosphrer is cloudy, no possibility light rainfall"
Others,Others,Plant Protection,Asked About SMS Activation?,Your SMS Registration process successfully completed.
Vegetables,Onion,Fertilizer Use and Availability,FERTILIZER DOSE?,APPLICATION OF FYM
Others,Others,Weather,Weather Report?,Partly cloudy weather and light rain
Others,Others,Weather,Weather Report ?,cloudy weather no chance of rainfall
Others,Others,Weather,WEATHER REPORT?,"cloudy weather , no rainfall"
Vegetables,Onion,Plant Protection,Sucking Pest ?,actara 5 gm+ ridomil gold 30 gm/15 liter water
Fruits,Pomegranate,Plant Protection,Asked About SMS Activation?,Your SMS Registration process successfully completed.
Fruits,Pomegranate,Plant Protection,Attack of Thrips?,Spray Actra 5 gm/15 Lit of Water.
Fruits,Pomegranate,Plant Protection,thrips attack,Spray Azadirictine 30 ml/15 Lit of Water
Vegetables,Brinjal,Plant Protection,Shoot Borer Attack ?,Spray Proclaim 5gm/15lit of Water.
Flowers,Marigold,Nutrient Management,fertilizer dose for marygold,apply 10:26:26 1 bag + urea 30 kg + micronutrient 4 kg per acre
Oilseeds,Soybean (bhat),Plant Protection,Thrips Attack ?,Spray Actra 5 gm/15 Lit of Water.
Condiments and Spices,Ginger,Plant Protection,Attack of Caterpillar?,Chloropyriphos 30ml + Humic Acid 30ml/15 Lit of Water Drenching.
Fruits,Pomegranate,Plant Protection,Sucking Pest?,Spray Confidor 10ml/15 Lit of Water.
Others,Others,Field Preparation,WEATHER ?,"Partly cloudy, possibility with light rain."
Pulses,Pigeon pea (red gram/arhar/tur),Plant Protection,Fertilizer Dose,Spray 00-52-34 60 gm + microlla 30 ml /15lit of water.
Sugar and Starch Crops,Sugarcane (Noble Cane),Field Preparation,STEM BORER ?,Spray Chloropyriphos 30ml/15 Lit of Water.
Vegetables,Onion,Plant Protection,ONION BLIGHT,Spray M-45 30 gm/15 Lit of Water.
Animal,"Bovine(Cow,Buffalo)",Disease Management,about dairy project,For strating dairy project you get loan from nabard
Vegetables,Brinjal,Plant Protection,Flower Drop?,Spray Boom flower 20ml/15lit of Water.
Pulses,Green Gram (Moong Bean/ Moong),Plant Protection,ATTACK OF SUCKING PEST?,Spray Confidor super / Confidor 10ml/15 Lit of Water.
Pulses,Green Gram (Moong Bean/ Moong),Plant Protection,ATTACK OF SUCKING PEST?,Spray Confidor super / Confidor 10ml/15 Lit of Water.
Pulses,Green Gram (Moong Bean/ Moong),Plant Protection,ATTACK OF SUCKING PEST?,Spray Confidor super / Confidor 10ml/15 Lit of Water.
Others,Others,Agriculture Mechanization,Asked About SMS Activation,. Your SMS Registration process successfully completed
Plantation Crops,Coconut,Plant Protection,fruit drop of coconut,fruit drop of coconut = spray of bordo 1% in coconut. also apply boron 1 kg per plant
Vegetables,Onion,Plant Protection,about fertilizer dose,use 10.26.26 2 bag + 25 urea per acre for onion filed
Others,Others,Weather,Weather Forecast ?,climate is partly cloudy and possibility of light rain
Sugar and Starch Crops,Sugarcane (Noble Cane),Nutrient Management,fertilizer dose for sugarcane at the time of plantation ?,fertilizer dose for sugarcane at the time of plantation- urea 76kg + singal supar phosphet 731 kg + potash 141 kg / hector
Vegetables,Bhindi(Okra/Ladysfinger),Plant Protection,attack of blight on bhendi,spray of bavistin 15 gm + M 45 30 gm per pump on bhibdi
Vegetables,Bitter Gourd,Plant Protection,attack of sucking pest on bitter gourd ?,spray actra 5gm/ 15 liter of water for controlling whitefly on bitter gourd
Vegetables,Tomato,Plant Protection,thrips of tomato?,Spray Actra 5 gm/15 Lit of Water.
Others,Others,Agriculture Mechanization,Asked About Weather Forecast?,"Cloudy weather, possibility of low rainfall."
Others,Others,Weather,weather ?,"Partly cloudy, possibility with light rain."
Vegetables,Onion,Plant Protection,Sucking Pest ?,Spray Actra 5 gm/15 Lit of Water. + Spray M-45 30 gm/15 Lit of Water.
Fruits,Banana,Plant Protection,Fruit drop?,1.5 GA+50 lit alcohol +1 kg urea/100 lit water. Spraying
Others,Others,Plant Protection,Asked About Weather report ?,"Partly cloudy, possibility of light rain"
Others,Others,Weather,Weather Report?,Partly cloudy weather and light rain
Fruits,Pomegranate,Plant Protection,all cultivation managemnt,info given
Others,Others,Nutrient Management,filling pit for plantation,apply potash 500 gm + SSP 500 gm + nem cake 500 gm per pit
Vegetables,Onion,Plant Protection,fertilizer on onion ?,19 19 19 / 0 52 34 60 gm + microlla 30 ml /15 litar .
Others,Others,Weather,Asked about Weather report ?,"Partly claudy, Chances of rain on today."
Others,Others,Weather,weather ?,"Partly cloudy, possibility with light rain."
Pulses,Pigeon pea (red gram/arhar/tur),Plant Protection,Attack of Caterpillar?,Spray Proclaim 5gm/15lit of Water.
Others,Others,Plant Protection,Blight Attack? ?,Spray M-45 30 gm/15 Lit of Water.
Others,Others,Weather,"Asked About Weather Forecast?,","Partly claudy, no chance of rain"
Vegetables,Onion,Plant Protection,sucking pest ?,Spray Rogar 15ml/15 Lit of Water.
Vegetables,Amaranthus/Grain Amaranthus,Plant Protection,ATTACK OF ROOT ROT?,DREANCHING OF HUMIC ACID + BAVISTIN
Vegetables,Cowpea (Vegetable),Plant Protection,Attack of White Fly?,Spray Confidor super / Confidor 10ml/15 Lit of Water.
Sugar and Starch Crops,Sugarcane (Noble Cane),Plant Protection,Attack of White Grub ?,Use Fertera 4 kg /acre / Thimate 4 kg / acre.
Vegetables,Onion,Plant Protection,Attack of fungus?,Spray Redomil Gold 30gm/15Lit of Water.
Others,Others,Weather,what is weather condition in pune district ?,"cloudy weather , chances of light no rainfall"
Fruits,Grape,Plant Protection,all cultivation management,info given
Others,Others,Weather,Weather Report ?,Sunny day no possibility of rain
Others,Others,Weather,Weather Report ?,Sunny day no possibility of rain
Fruits,Pomegranate,Plant Protection,REDNNING?,SPRAY MAGNESIUM SULPHATE 60 GM + BAVISTINE 30 GM + DAP 200 GM/15 LITER WATER WITH MAGNESIUM SULPHATE 10 KG/ACRE
Others,Others,Government Schemes,Govt. Schemes,"50-60 % subsidies, guide to visit TAO."
Vegetables,Bhindi(Okra/Ladysfinger),Plant Protection,Attack of Sucking Pest?,Spray Record 10 gm or Pride 10 gm / 15 lit of water
Fruits,Pomegranate,Plant Protection,For Flowering ?,Spray Boom flower 20ml/15lit of Water.
Vegetables,Onion,Seeds and Planting Material,varities of onion?,to use panchganga seeds
Vegetables,Onion,Plant Protection,yield of onion,yield of onion = 250 - 300 qt / ha
Vegetables,Brinjal,Fertilizer Use and Availability,Fruit Borer Attack ?,Spray Chloropyriphos 30ml/15 Lit of Water.
Flowers,Jasmine,Plant Protection,variety of mogra ?,"variety of mogra-madanbaan, gundu malai"
Vegetables,Onion,Seeds and Planting Material,varieties of onion ?,"varieties of onion- N-2-4-1, pusa red ,arka niketan ,agrifoud light red"
Fiber Crops,Cotton (Kapas),Plant Protection,Flower Drop?,Spray plano fix 5 ml/15 liter water
Vegetables,Onion,Fertilizer Use and Availability,Sucking Pest?,Spray Actra 5 gm/15 Lit of Water.
Vegetables,Onion,Market Information,market rate onion ?,700 1800 1500 Rs/Quintal
Sugar and Starch Crops,Sugarcane (Noble Cane),Plant Protection,FERTILIZER,10 26 26 +UREA 1BAG/ACRE
Others,Others,Weather,weather forcast?,cloudey weather no possibility if rain
Condiments and Spices,Ginger,Plant Protection,attack of rhizome rot on ginger,rhizome rot on ginger -drenching marshal 30 ml + blue copper / Drenching 15 liter water
Others,Others,Weather,Todays weather condition in purandar,"Todays weather condition in purandar is Partly cloudy, no light rainfall"
Others,Others,Weather,Weather Report ?,cloudy weather no chance of rainfall
Vegetables,Onion,Plant Protection,attack of blight on onion,spray cypermethrin 7. 5ml + antrcall 37.5 gm+ 15 ml sticker / 15 lit water
Sugar and Starch Crops,Sugarcane (Noble Cane),Nutrient Management,water soluble fertilizer for sugarcane ?,water soluble fertilizer for sugarcane- give 0;52;34 5 kg /acer
Fruits,Pomegranate,Plant Protection,attack of oily spot on pomegranate ?,spray bromofol 50gm + captan 500gm / 100 liter of water for controlling oily spot on pomegranate
Others,Others,Weather,Todays weather condition in pune,"Todays weather condition in pune is Partly cloudy, no light rainfall"
Fiber Crops,Cotton (Kapas),Plant Protection,FERTILIZER,10 26 26 +UREA
Oilseeds,Soybean (bhat),Plant Protection,pod borer on soybean,pod borer on soybean - spray fame 5 ml /15 lit of water
Others,Others,Government Schemes,Govt. Schemes ?,Guide To Visit TAO.
Fruits,Pomegranate,Fertilizer Use and Availability,fertilizer dose ?,0:00:50
Fruits,Mango,Fertilizer Use and Availability,fertilizer dose ?,19:19:19+ microla
Fiber Crops,Cotton (Kapas),Plant Protection,WEATHER IN PUNE ?,CLOUDEY WEATHER AND POSSIBILITY OF LIGHT RAIN
Vegetables,Onion,Cultural Practices,weed management in onion ?,spray goal 15 ml / 15 liter of water for onion
Others,Others,Weather,weather report,partly cloudy and not possibility of rain
Pulses,Bengal Gram (Gram/Chick Pea/Kabuli/Chana),Varieties,VARIETIES FOR GRAM----,"VARIETIES FOR GRAM---- VIJAY ,VISHAL"
Others,Others,Weather,Weather report,"cloudy weather , no possibility rain"
Others,Others,Weather,Asking about Weather information?,Cloudy weather Possibility of High to Medium Rainfall
Vegetables,Onion,Plant Protection,BLIGHT ON ONION,ANTRRACALL 30 GM + DESIS 100 15 ML /15 LITER WATER SPRAY
Others,Others,Weather,WEATHER INFORMATION,"CLOUDY WEATHER , NO RAIN CHANCES"
Cereals,Wheat,Varieties,variety ?,"WHEAT- LOC- 1 , TRAMBAK , GOADAVARI TAPAVAN"
Cereals,Wheat,Varieties,VARIETY OF WHEAT,"HD-2189, LOK -1, KUDARAT"
Sugar and Starch Crops,Sugarcane (Noble Cane),Plant Protection,ATTACK STEM BORER on sugarcane,STEM BORER on sugarcane -apply rejent 8 kg / acre
Others,Others,Weather,Weather report,"cloudy weather , no possibility rain"
Others,Others,Weather,regarding registration for sms scheme,your registration is successful for kisan sms portal
Vegetables,Bitter Gourd,Plant Protection,weather in pune ?,CLOUDEY WEATHER AND POSSIBILITY OF LIGHT RAIN
Others,Others,Weather,Asking about Weather information?,Cloudy weather Possibility of High to Medium Rainfall
Others,Others,Weather,Weather Report?,"cloudy weather , no chances of rainfall"
Others,Others,Weather,ASKED ABOUT WEATHER FORCAST?,partly cloudy & possiblity of light rain
Others,Others,Government Schemes,sms language changes?,Your Registration process successfully completed. ????? ?????? ????? ????????? ????? ?????? ???.
Vegetables,Onion,Plant Protection,FUNGUS AND SUCKING PEST ATTACK ON ONION?,Spray Actra 5 gm + M 45 30 GM+ 19:19:19 60 GM/15 Lit of Water.
Fruits,Pomegranate,Fertilizer Use and Availability,fruit size and quality?,give 00 00 50 through spray and drip.
Vegetables,Tomato,Plant Protection,attack of cutworm in tomato ?,drenching blue copper 30gm + humic acid 30ml+ chloropyriphos 30ml / 15 liter of water in tomato
Others,Others,Government Schemes,FARMER HAS REQUESTED TO ACTIVATE SMS SERVICE ON HIS MOBILE.,Registration process successfully completed.
Vegetables,Cucumber,Agriculture Mechanization,attack of thrips on cucumber,thrips on cucumber -Spray of rijent 30 ml per pump.
Sugar and Starch Crops,Sugarcane (Noble Cane),Plant Protection,FERTILIZER,10 26 26 +UREA
Others,Others,Weather,WEATHER,CLAUDY
Fruits,Pomegranate,Seeds and Planting Material,VERIETIES?,"P Granate- Ganesh, Bhagva, Mradula, Shendri, Arkta?"
Others,Others,Field Preparation,Asked About SMS ?,Your Registration process successfully completed.
Fruits,Pomegranate,Seeds and Planting Material,VERIETIES?,"P Granate- Ganesh, Bhagva, Mradula, Shendri, Arkta?"
Vegetables,Potato,Fertilizer Use and Availability,FERTILIZER DOSE FOR POTATO?,1 BAG UREA + 2 BAG SSP + 25 KG MOP / ACRE
Others,Others,Weather,ASKED ABOUT WEATHER FORCAST?,INFORMED HIM THAT THE WEATHER IS PARTLY CLOUDY AND LIHGT RAIN
Others,Others,Market Information,ASKED ABOUT SMS Activation?,The service on his mobile has been activated
Vegetables,Brinjal,Plant Protection,Disease Attack- Blight Attack?,Spray M-45 30 gm/15 Lit of Water.
Vegetables,Potato,Plant Protection,BLIGHT ATTACK ON POTATO?,SPRAY CARBENDAZIN 10 GM + MINRAL OIL 100 ML + STICKER / 10 LIT OF WATER
Others,Others,Weather,weather ?,cloudy weather with no rainfall
Vegetables,Chillies,Seeds and Planting Material,varities of chillies?,"varities of chillies are nirmal 913, 1124,960,1012,1326,869, sitara, pusa jwala, sadabahar"
Others,Others,Weather,WEATHER REPORT?,cloudy and there are no possibility of rains.
Vegetables,Brinjal,Market Information,market rate of brinjal,market rate of brinjal = Rs 1000 - 3000 per quintal
Others,Others,Field Preparation,SCHEME OF CATTLE ?,PASHUSAVARDHAN VABHAGAT CHOKASHI KARA
Others,Others,Weather,Asking about Weather information?,Cloudy weather Possibility of High to Medium Rainfall
Fiber Crops,Cotton (Kapas),Plant Protection,Attack of red leaf---,SPRAY UREA - 200 GRAM + MgSO4 -- 100 GRAM+bavistin 30 gram+2% DAP IN 15 LIT OF WATER
Vegetables,Onion,Plant Protection,attack of sucking pest on onion,spray of karate 20 ml + M 45 30 gm per pump on onion
Vegetables,Onion,Plant Protection,Blight Attack?,??????? ?????30?????/15 ???? ??????????? ???? ?????? ?????.
Vegetables,Cabbage,Plant Protection,Caterpillar Attack?,Decis -10 ml/15 liter water.
Vegetables,Onion,Fertilizer Use and Availability,fert dose,19:19:19 2 kg+macrolla 1 lit +humic acid 1 lit water /acre
Others,Others,Government Schemes,SMS Registration process ----,Your SMS Registration process successfully completed.
Condiments and Spices,Garlic,Seeds and Planting Material,asked about varieties of garlic ?,"varieties of garlic- Godavari ,shevta"
Flowers,Marigold,Plant Protection,CUTTING PERIOD,CUTTING PERIOD OF MARIGOLD NOV-DESEMBER
Others,Others,Weather,weather report?,Partly cloudy no possibility of rain
Fruits,Pomegranate,Plant Protection,Oil spot disease?,"?????? ???????? ????????????? ????? ?????? ?????????????????? ( ??? ??. ??. ??.) + ???? ????????????? ?.?? %,????? ?????? ???? ?? ? ????/ ???? ??? ?????? ? ????? /???? ???? ?? ????????? ???? ?????? ???."
Others,Others,Weather,Weather Report,cloudy weather no chance of rainfall
Others,Others,Weather,Weather Report,cloudy weather no chance of rainfall
Vegetables,Potato,Seeds and Planting Material,varities of potato,"varities of potato = kufri sinduri, jyoti, pukharaj, lavkar, surya"
Others,Others,Agriculture Mechanization,Drip Irrigation subsidies.,"50-60 % subsidies, guide to visit TAO."
Others,Others,Agriculture Mechanization,damping off,Humic Acid 30ml/15 Lit of Water Drenching.
Fruits,Pomegranate,Plant Protection,oily spot ?,bacterianashak vaparave
Fruits,Pomegranate,Plant Protection,Oil spot disease?,Spray Bordeaux mixture(1.0%). Spray with Streptocycline (0.025%) in combination with Copper oxychloride (0.25%) or Carbendazim (0.15%) at 15 days interval for 5-6 times starting from leaf initiation stage.
Vegetables,Onion,Market Information,onion ret info.,onion ret 1625/q
Cereals,Wheat,Seeds,variety?,"tapovan ,2189 hd , nifad 434"
Vegetables,Leafy Vegetable,Plant Protection,Attack of Caterpillar?,nimboli ark fawara
Fruits,Pomegranate,Fertilizer Use and Availability,fertilizier for pomo?,shenkhat 50kh+18:46:00 2kh+potash 1kh+borokal 200 gram/zad takave
Others,Others,Weather,WEATHER REPORT ?,today climate - partly cloudy and no possibility of rain
Pulses,Bengal Gram (Gram/Chick Pea/Kabuli/Chana),Agriculture Mechanization,variety of gram,"variety of gram-vijay, vishal, jaki"
Fiber Crops,Cotton (Kapas),Plant Protection,Thrips Attack ?,Actra 5 Gram + Karate 15 ML / 15 Liter Water
Vegetables,Chillies,Vegetative Propagation and Tissue Culture,variety of chilli,"variety of chilli - sitara, jwala, jyoti, teja, agnirekha"
Vegetables,Onion,Fertilizer Use and Availability,Fertilizer Dose –,Spray 2% Urea 200 gm/10Lit of Water.
Others,Others,Government Schemes,ASKED ABOUT SMS ACTIVATION?,sms scheme is activated on your mobile number
Sugar and Starch Crops,Sugarcane (Noble Cane),Plant Protection,weather in pune ?,CLOUDEY WEATHER AND POSSIBILITY OF LIGHT RAIN
Vegetables,Potato,Seeds and Planting Material,variety ?,"kufari sinduri , kufari lavkar"
Vegetables,Onion,Plant Protection,Fungus Attack?,????????? ???? - ???????????? ?.? ???? + ??????? ??? ?? ?????/ 15 ???? ??????????? ???? ?????? ?????.
Others,Others,Weather,Asked About Weather report ?,Partly cloudy and no possibility of rain
Fiber Crops,Cotton (Kapas),Plant Protection,Todays weather condition in shirur,"Todays weather condition in shirur is Partly cloudy, no light rainfall"
Sugar and Starch Crops,Sugarcane (Noble Cane),Plant Protection,all cultivation managemnt,info given
Others,Others,Weather,Asked About Weather report ?,Partly cloudy and no possibility of rain
Sugar and Starch Crops,Sugarcane (Noble Cane),Plant Protection,ATTACK OF SHOOT BORER---,ATTACK OF SHOOT BORER--- APPLICATION OF THIMATE
Vegetables,Onion,Plant Protection,Thrips Attack ?,atara 5 gm+radomil gold 30 ml/15 liter water
Others,Others,Weather,Weather Report?,"Partly cloudy, not Possibility of Rainfall"
Vegetables,Onion,Plant Protection,attack of blight on onion,blight on onion -Spray of rijent 30 ml + Ridomil gold 30 gm +15 ml sticker /15 liter water
Vegetables,Brinjal,Agriculture Mechanization,WEATHETR IN PUNE ?,CLOUDEY WEATHER AND POSSIBILITY OF LIGHT RAIN
Fiber Crops,Cotton (Kapas),Plant Protection,WEATHER IN PUNE ?,CLOUDEY WEATHER AND POSSIBILITY OF LIGHT RAIN
Pulses,Pigeon pea (red gram/arhar/tur),Plant Protection,jassids on flower?,Spray Karate15ml/15 Lit of Water
Others,Others,Government Schemes,Asked About SMS Activation?,Your Registration process successfully completed.
Oilseeds,Jojoba,Plant Protection,WEATHER IN PUNE ?,CLOUDEY WEATHER AND POSSIBILITY OF LIGHT RAIN
Oilseeds,Jojoba,Plant Protection,WEATHER IN PUNE ?,CLOUDEY WEATHER AND POSSIBILITY OF LIGHT RAIN
Vegetables,Chillies,Plant Protection,LEAF CURL ON CHILLI,LEAF CURL ON CHILLI - Confidor super 6 ml + + bavistin 30 gm + 15 ml perfect / 15 lit of water
Oilseeds,Safflower (kusum/kardi),Plant Protection,fertilizer,dap 1bag /acre
Millets,Maize (Makka),Plant Protection,BLIGHT ON MAIZE,BAVISTIN 30 GM /15 LITER WATER SPRAY
Vegetables,Brinjal,Plant Protection,Leaf Eating Caterpillar ?,Spray Proclaim 5gm/15lit of Water.
Others,Others,Government Schemes,Asked About SMS Activation?,Your SMS Registration process successfully completed.
Vegetables,Onion,Plant Protection,weedicide,spray gaol+terga super
Vegetables,Onion,Market Information,MARKET RATE ONION-----,MARKET RATE ONION-----1700-1800/QUINTAL
Others,Others,Weather,Asked About Weather Report ?,Cloudy weather NOT Possibility of light Rainfall
Fruits,Pomegranate,Plant Protection,ATTACK OF LEAF EATTING CATTERPILLAR?,SPRAY EKALUX 30 MILI IN 15 LIT OF WATER
Others,Others,Weather,Asked About Weather Report ?,Cloudy weather NOT Possibility of light Rainfall
Fiber Crops,Cotton (Kapas),Plant Protection,ATTCK OF RED LEAF?,SPRAY UREA --200 GRAM + MgSO 4--100 GRAM IN 15 LI OF WATER
Others,Others,Weather,Weather Report ?,Cloudy weather not Possibility of Rainfall
Others,Others,Agriculture Mechanization,HTC CETER CONTACT,HTC CETER CONTACT-9822499265
Flowers,Gladiolus,Nutrient Management,fertilizer dose for gladiolus,spray of 13:40:13 gm per pump
Vegetables,Pumpkin,Plant Protection,Shoot Borer Attack?,Spray Polo 25gm /15 Lit of Water.
Sugar and Starch Crops,Sugarcane (Noble Cane),Plant Protection,white grub on sugarcane ?,white grub on sugarcane - apply forate 3 kg / acre
Others,Others,Weather,Weather Report?,"Partly cloudy, not Possibility of Rainfall"
Vegetables,Onion,Seeds and Planting Material,onion variety?,"onion variety--panchganga,baswant-780"
Vegetables,Chillies,Plant Protection,Flower Drop?,Spray Plano fix 5ml + CA 20 GM + BO 20 GM /15 Lit of Water.Blue copper -40 gm + MICROLLA 30 GM/15 lit water.
Fiber Crops,Cotton (Kapas),Plant Protection,Fungus Attack,Spray Bavistine 30gm/15lit of Water.
Fruits,Banana,Vegetative Propagation and Tissue Culture,SEASON OF BANANA,SEASON OF BANANA = SEP- JANEVARI
Fruits,Banana,Vegetative Propagation and Tissue Culture,SEASON OF BANANA,SEASON OF BANANA = SEP- JANEVARI
Fruits,Banana,Vegetative Propagation and Tissue Culture,SEASON OF BANANA,SEASON OF BANANA = SEP- JANEVARI
Fruits,Banana,Vegetative Propagation and Tissue Culture,SEASON OF BANANA,SEASON OF BANANA = SEP- JANEVARI
Fruits,Banana,Vegetative Propagation and Tissue Culture,SEASON OF BANANA,SEASON OF BANANA = SEP- JANEVARI
Fruits,Banana,Vegetative Propagation and Tissue Culture,SEASON OF BANANA,SEASON OF BANANA = SEP- JANEVARI
Fruits,Banana,Vegetative Propagation and Tissue Culture,SEASON OF BANANA,SEASON OF BANANA = SEP- JANEVARI
Fruits,Banana,Vegetative Propagation and Tissue Culture,SEASON OF BANANA,SEASON OF BANANA = SEP- JANEVARI
Fruits,Pomegranate,Plant Protection,Asked About SMS Activation?,Your SMS Registration process successfully completed
Others,Others,Weather,Asked about weather forecasting?,"Partly cloudy, no possibility of rain"
Vegetables,Onion,Nutrient Management,fertilizer dose for onion ?,fertilizer dose for onion- give 10;26;26 100 kg + urea 30 kg + sulphar 10 kg /acer
Vegetables,Onion,Market Information,market information ?,onion - 500-2100
Flowers,Tuberose,Agriculture Mechanization,planting time of tuberose,planting time of tuberose- april-may
Cereals,Wheat,Fertilizer Use and Availability,Fertilizer Dose –,Spray Microlla 30 ml/15 Lit of Water.
Fruits,Pomegranate,Agriculture Mechanization,spray for flowering of pomegranate,spray for flowering of pomegranate -Spray Boom flower 30 ml+ 00:52:34 75 gm + microla 40 ml / 15 Lit of Water.
Others,Others,Government Schemes,Govt Schemes- subsidies?,for subsidies please visit TAO office
Fruits,Banana,Plant Protection,attack of blight on banana ?,spray tilt 15 ml / liter of water for banana
Vegetables,Onion,Market Information,ONION MARKET RATE,ONION MARKET RATE-1400-2500 RS /QU
Others,Others,Weather,weather forcast?,dhagal watavan ahe pavasachi shakyata nahi
Vegetables,Drum Stick,Plant Protection,CATTER PILER ON DRUMSTICK ?,CATTER PILER ON DRUMSTICK - SPRAY TRIAZOPHOS
Vegetables,Onion,Nutrient Management,asked about groth retardant in onion ?,spray lihocin 60 ml / 15 liter of water for onion after 2 month of plantation
Others,Others,Weather,WEATHER REPORT?,cloudy and there are no possibility of rains.
Others,Others,Weather,Asking about Weather information?,Cloudy Weather NO possibility Rainfall.
Vegetables,Tomato,Plant Protection,for growth of tomato crop?,spray 19:19:19 50 gram + microlla 30 mili + humic acid 30 mili in 15 lit of water
Others,Others,Fertilizer Use and Availability,fertilizer info.,00;52;34 wapar kara
Fruits,Pomegranate,Fertilizer Use and Availability,fertilizern info.,00;52;34 wapar kara
Fruits,Pomegranate,Fertilizer Use and Availability,FERTILIZER FOR POMOGRANATE?,00:52:34 5GRAM/LITER FAVARAVE
Fruits,Guava,Plant Protection,attack pest,blue capar wapar kara
Fruits,Guava,Plant Protection,CERCOSPORA ON GUAVA?,SPRAY COPER HYDROXIDE 2.5GRAM/LITER FAVARAVE
Pulses,Bengal Gram (Gram/Chick Pea/Kabuli/Chana),Varieties,varieties of gram,"vishal , virat , vijay"
Fruits,Pomegranate,Plant Protection,nutrient dose for pomegranate,spray of tonic 2 ml per pump on pomegranate
Vegetables,Brinjal,Plant Protection,Powdery Mildew Attack?,Spray Bavistine 30gm/15lit of Water.
Others,Others,Weather,Asking about Weather information?,"Partly cloudy, possibility with light rain."
Sugar and Starch Crops,Sugarcane (Noble Cane),Fertilizer Use and Availability,fertilizer dose,apply 100 kilo urea + 100 kilo 10 26 26 + 50 kilo neem powder + 20 kilo micronutrient/acre
Vegetables,Tomato,Nutrient Management,fertilizer dose for tomato,spray of 0:52:34 60 gm + microla 25 ml per pump
Fruits,Papaya,Agriculture Mechanization,papaya market rate,papaya market rate - 700 -1600 rs /qit
Sugar and Starch Crops,Sugarcane (Noble Cane),Agriculture Mechanization,fertilizer dose for sugarcane,Any
